store_id,department_id,date,year,month,week,dow,nine,ten,eleven,twelve,thirteen,fourteen,fifteen,sixteen,seventeen,eighteen,nineteen,twenty,twenty_one,twenty_two,twenty_three,total_day
1,1,2017-01-02,2017,1,1,1,0,0,264600,620439,991321,1126890,847833,1195260,1784051,1307062,1639494,605047,0,0,0,10381998
1,1,2017-01-03,2017,1,1,2,0,0,264600,441251,1501939,884073,1011784,1025951,1451805,2147288,931084,1053913,0,0,0,10713690
1,1,2017-01-04,2017,1,1,3,0,0,242550,299692,355362,1169306,712983,1296528,1673250,1221646,1169593,2099426,0,0,0,10240339
1,1,2017-01-05,2017,1,1,4,0,0,352800,710849,640456,646663,562830,1354867,2164962,1514772,2142517,1215911,0,0,0,11306631
1,1,2017-01-06,2017,1,1,5,0,0,352800,489022,282767,682110,806187,1787918,1908888,2189125,971039,1694131,0,0,0,11163992
1,1,2017-01-07,2017,1,1,6,0,0,529200,572294,1637423,1403923,1709153,2153362,3229829,4250694,5266898,1521452,0,0,0,22274234
1,1,2017-01-08,2017,1,1,7,0,0,423360,1628804,1158454,1478030,2005641,1791965,1855183,3890472,3696690,3431666,0,0,0,21360272
1,1,2017-01-09,2017,1,2,1,0,0,264600,726566,761275,671113,943051,1165262,2206921,3850740,1756569,1400453,0,0,0,13746551
1,1,2017-01-10,2017,1,2,2,0,0,264600,344556,1706078,461846,367291,1510994,2841270,2249583,1182022,892420,0,0,0,11820662
1,1,2017-01-11,2017,1,2,3,0,0,441000,381699,622517,879036,974490,924490,1423980,2051274,1351736,1450826,0,0,0,10501051
1,1,2017-01-12,2017,1,2,4,0,0,286650,671262,709103,408812,843283,1981870,2301572,1582108,952260,1053069,0,0,0,10789993
1,1,2017-01-13,2017,1,2,5,0,0,286650,444963,575733,1104020,901379,993626,2228065,1213385,1050287,787163,0,0,0,9585276
1,1,2017-01-14,2017,1,2,6,0,0,441000,851739,1636268,2023052,1611910,2466890,3448473,3303618,5247018,4523385,0,0,0,25553359
1,1,2017-01-15,2017,1,2,7,0,0,564480,322153,696704,1608634,2011860,1070285,2556575,3044860,2605073,2070551,0,0,0,16551182
1,1,2017-01-16,2017,1,3,1,0,0,441000,367417,898251,503663,943912,1463353,1801418,2202526,1742313,1007640,0,0,0,11371494
1,1,2017-01-17,2017,1,3,2,0,0,264600,487819,786705,437670,877794,877973,2574035,1754628,761987,1935925,0,0,0,10759138
1,1,2017-01-18,2017,1,3,3,0,0,286650,365505,1269562,1111026,436400,773725,2919926,1955405,1913013,1548106,0,0,0,12579321
1,1,2017-01-19,2017,1,3,4,0,0,396900,418094,408490,493622,1251701,1098301,2407511,3122060,1907681,1080300,0,0,0,12584664
1,1,2017-01-20,2017,1,3,5,0,0,374850,902799,761829,742195,1134908,987197,2118587,1599847,1233956,1596492,0,0,0,11452665
1,1,2017-01-21,2017,1,3,6,0,0,661500,1016991,2149371,1226155,1676732,2652493,3296545,3200426,3735718,2894718,0,0,0,22510655
1,1,2017-01-22,2017,1,3,7,0,0,423360,592639,1089650,1043708,1742061,2439484,2940852,3242212,2708414,2718224,0,0,0,18940611
1,1,2017-01-23,2017,1,4,1,0,0,374850,402557,506334,806028,752309,1594490,1962344,992552,1202283,1129784,0,0,0,9723532
1,1,2017-01-24,2017,1,4,2,0,0,441000,1026740,1071349,755632,953313,1595566,2248396,1626637,920085,868375,0,0,0,11507095
1,1,2017-01-25,2017,1,4,3,0,0,220500,1085588,1167970,911497,819664,693450,1888192,1547756,1742218,955676,0,0,0,11032514
1,1,2017-01-26,2017,1,4,4,0,0,396900,856978,917072,923440,821453,700546,1897489,2287817,1673862,1072457,0,0,0,11548018
1,1,2017-01-27,2017,1,4,5,0,0,308700,524197,516296,877055,527222,1589778,2197546,1658957,1682604,1064120,0,0,0,10946480
1,1,2017-01-28,2017,1,4,6,0,0,837900,1313320,1500166,2640428,792125,1786653,4483697,3409754,5392806,1187904,0,0,0,23344759
1,1,2017-01-29,2017,1,4,7,0,0,705600,888399,1991354,2376205,1123662,2436543,5854286,2472733,4462600,2017093,0,0,0,24328482
1,1,2017-01-30,2017,2,1,1,0,0,562275,1035954,833952,733209,1489854,1676720,1989162,4029458,2099393,2898050,0,0,0,17348028
1,1,2017-01-31,2017,2,1,2,0,0,661500,1011608,1494582,1400777,1004592,1026691,1949111,3054487,3962120,1882815,0,0,0,17448285
1,1,2017-02-01,2017,2,1,3,0,0,396900,537017,595816,1415042,995485,1730958,2609917,2197351,1880142,1216853,0,0,0,13575484
1,1,2017-02-02,2017,2,1,4,0,0,661500,1024022,1153948,781877,1670080,1866817,1897624,3633883,3046346,770816,0,0,0,16506917
1,1,2017-02-03,2017,2,1,5,0,0,363825,1223640,535260,1383260,1444971,1913508,1762346,2360250,1519472,1513922,0,0,0,14020459
1,1,2017-02-04,2017,2,1,6,0,0,463050,1098768,659651,817856,1745348,2095675,1515684,4463547,1934198,1375446,0,0,0,16169229
1,1,2017-02-05,2017,2,1,7,0,0,529200,1647397,1385216,1671029,619519,2039561,3881501,1876307,4705210,1657991,0,0,0,20012938
1,1,2017-02-06,2017,2,2,1,0,0,1256850,689482,1341237,2915320,1911397,2872429,3606153,9322710,4407716,2466235,0,0,0,30789530
1,1,2017-02-07,2017,2,2,2,0,0,952560,1881608,1622416,3495462,2275714,2695943,3649996,5502385,8444029,3235642,0,0,0,33755757
1,1,2017-02-08,2017,2,2,3,0,0,661500,1047393,529326,1157528,1562099,997675,3353680,3841695,2238563,1488570,0,0,0,16878032
1,1,2017-02-09,2017,2,2,4,0,0,363825,1468031,682569,530844,1014013,2151335,2736876,4255170,4349422,1102501,0,0,0,18654590
1,1,2017-02-10,2017,2,2,5,0,0,330750,1587193,1187320,1928920,815051,1876524,1517100,4964814,2744630,2648012,0,0,0,19600319
1,1,2017-02-11,2017,2,2,6,0,0,628425,413838,1024535,1036153,1297794,1400937,1836950,3398722,3206765,1846776,0,0,0,16090901
1,1,2017-02-12,2017,2,2,7,0,0,496125,809665,1205681,1043657,1305188,2826395,4217003,3932568,2221663,2870564,0,0,0,20928516
1,1,2017-02-13,2017,2,3,1,0,0,926100,1466281,5133006,2813723,1171686,4048400,4917968,3766036,3487022,6475943,0,0,0,34206166
1,1,2017-02-14,2017,2,3,2,0,0,476280,2702979,3368958,2549240,1613804,1864172,5596240,7047393,7858959,2901895,0,0,0,35979922
1,1,2017-02-15,2017,2,3,3,0,0,363825,674176,1374221,1472117,1357287,1272600,3540964,2248016,1712976,1068260,0,0,0,15084445
1,1,2017-02-16,2017,2,3,4,0,0,463050,1326478,1291229,1180185,1070711,2321678,3194212,3354409,2854568,1295280,0,0,0,18351804
1,1,2017-02-17,2017,2,3,5,0,0,396900,437930,1279977,1991542,979296,2442224,1814458,1846757,2612539,1828003,0,0,0,15629631
1,1,2017-02-18,2017,2,3,6,0,0,529200,784730,1019233,989809,985349,1956253,2322380,1735272,4611148,985559,0,0,0,15918939
1,1,2017-02-19,2017,2,3,7,0,0,363825,890638,1858926,708840,1438219,2012469,3969877,3357669,2027142,1888296,0,0,0,18515908
1,1,2017-02-20,2017,2,4,1,0,0,595350,2754133,1255102,1555898,2195288,4288271,5964877,7884741,6645170,3449619,0,0,0,36588450
1,1,2017-02-21,2017,2,4,2,0,0,529200,1851050,1609786,2930471,1430833,2507392,3706269,6679421,8021546,3082796,0,0,0,32348766
1,1,2017-02-22,2017,2,4,3,0,0,463050,1288614,1994092,1434968,1547828,1620788,3030889,1477976,1895802,797685,0,0,0,15551695
1,1,2017-02-23,2017,2,4,4,0,0,595350,1460912,785806,1230122,1642972,1598476,1950424,4360746,2969793,1411638,0,0,0,18006243
1,1,2017-02-24,2017,2,4,5,0,0,297675,1351365,1791589,1447971,1256648,2482844,2598545,3530156,1702992,2027272,0,0,0,18487062
1,1,2017-02-25,2017,2,4,6,0,0,529200,882237,1343362,1474702,1310709,1114728,1561364,3322598,2085883,1297596,0,0,0,14922385
1,1,2017-02-26,2017,2,4,7,0,0,529200,1050908,1707356,1175938,751320,2285741,2392940,2753673,2600280,2579303,0,0,0,17826666
1,1,2017-02-27,2017,3,1,1,0,0,926100,2096855,2219020,2019207,3271469,3582275,8055858,7000037,8605352,4070078,0,0,0,41846252
1,1,2017-02-28,2017,3,1,2,0,0,740880,1241399,971225,3273767,1866358,3584857,3460496,7676547,10044399,2382677,0,0,0,35242607
1,1,2017-03-01,2017,3,1,3,0,0,496125,1229677,1037751,1450744,1076545,2326578,2460884,2573037,2308413,1705819,0,0,0,16665576
1,1,2017-03-02,2017,3,1,4,0,0,363825,553057,1559705,1310245,1158949,1114143,1685411,2268804,3691995,1476786,0,0,0,15182924
1,1,2017-03-03,2017,3,1,5,0,0,429975,926456,905768,1647400,532268,1493624,2156875,3110694,2295695,2325834,0,0,0,15824594
1,1,2017-03-04,2017,3,1,6,0,0,536363,767846,1280497,1752519,1123716,1621652,698808,1496322,1061830,735335,0,0,0,11074894
1,1,2017-03-05,2017,3,1,7,0,0,423444,406507,711387,1478023,2448839,1508167,653912,2200550,1043034,1082071,0,0,0,11955941
1,1,2017-03-06,2017,3,2,1,0,0,564593,542009,1138219,941598,3413411,739719,802481,846858,1931853,1064200,0,0,0,11984942
1,1,2017-03-07,2017,3,2,2,0,0,451674,767846,853664,1371863,2529776,1432906,1001400,1456209,1220635,1567730,0,0,0,12653705
1,1,2017-03-08,2017,3,2,3,0,0,239952,203253,640247,1292467,992708,669888,604967,643175,745167,295305,0,0,0,6327132
1,1,2017-03-09,2017,3,2,4,0,0,155263,203253,533540,480945,2426932,1006052,348659,560288,754616,371480,0,0,0,6841032
1,1,2017-03-10,2017,3,2,5,0,0,508133,903348,711387,2920254,3615381,1030640,499274,780907,1738289,550773,0,0,0,13258391
1,1,2017-03-11,2017,3,2,6,0,0,508133,903348,1209358,1801640,2919363,2028434,840001,1390615,1182107,1472674,0,0,0,14255679
1,1,2017-03-12,2017,3,2,7,0,0,310526,858181,1209358,1831311,2106894,1881540,467385,1030148,1068332,850976,0,0,0,11614658
1,1,2017-03-13,2017,3,3,1,0,0,366985,722678,782526,1458499,2915798,1513070,917013,1206097,2063314,1252182,0,0,0,13198163
1,1,2017-03-14,2017,3,3,2,0,0,395215,451674,1138219,2591303,2457088,819346,1483737,998086,1040520,1363604,0,0,0,12738794
1,1,2017-03-15,2017,3,3,3,0,0,169378,225837,426832,1564416,896936,440894,490309,625858,453285,608008,0,0,0,5901756
1,1,2017-03-16,2017,3,3,4,0,0,239952,451674,604678,972806,1050800,318767,451462,552437,914145,419666,0,0,0,5976391
1,1,2017-03-17,2017,3,3,5,0,0,564593,677511,1138219,2671884,1202912,1618112,889840,1604504,2577064,1092837,0,0,0,14037481
1,1,2017-03-18,2017,3,3,6,0,0,536363,587176,1067081,1702337,1965648,1620617,613652,1072036,665237,737083,0,0,0,10567236
1,1,2017-03-19,2017,3,3,7,0,0,479904,903348,711387,1538508,1742003,817906,534167,1230180,2146432,1050904,0,0,0,11154746
1,1,2017-03-20,2017,3,4,1,0,0,366985,722678,1422774,1246871,1744448,1805249,1168149,1415058,1531413,1494104,0,0,0,12917730
1,1,2017-03-21,2017,3,4,2,0,0,338756,451674,711387,3008882,2942815,1472710,830943,841476,2610692,930845,0,0,0,14140182
1,1,2017-03-22,2017,3,4,3,0,0,239952,225837,426832,1359337,2600768,382868,352489,634326,430852,330220,0,0,0,6983484
1,1,2017-03-23,2017,3,4,4,0,0,282296,316172,320124,1344344,1052492,923162,306440,894593,868596,336389,0,0,0,6644612
1,1,2017-03-24,2017,3,4,5,0,0,338756,677511,782526,1925173,5008695,831646,805720,1075898,1543344,1067334,0,0,0,14056608
1,1,2017-03-25,2017,3,4,6,0,0,423444,587176,1280497,1665635,1783964,1435271,704648,779439,1470130,559763,0,0,0,10689973
1,1,2017-03-26,2017,3,4,7,0,0,479904,542009,1351635,1218182,3640080,1119051,1169568,1137230,2550192,1134248,0,0,0,14342106
1,1,2017-03-27,2017,3,5,1,0,0,310526,677511,853664,3269542,1830529,1190701,665410,811725,1933286,985086,0,0,0,12527981
1,1,2017-03-28,2017,3,5,2,0,0,479904,813013,924803,2371235,2579389,961747,1014408,1091909,1534411,1139860,0,0,0,12910681
1,1,2017-03-29,2017,3,5,3,0,0,155263,429090,497970,1314827,634981,459346,353749,495308,705880,209053,0,0,0,5255470
1,1,2017-03-30,2017,3,5,4,0,0,282296,406507,640247,1255318,1612332,772975,230082,595777,536051,250133,0,0,0,6581722
1,1,2017-03-31,2017,3,5,5,0,0,366985,451674,1280497,2216162,2727618,888110,900065,1775852,1228882,727934,0,0,0,12563784
1,1,2017-04-01,2017,3,5,6,0,0,479904,767846,640248,1120683,3925257,1196465,758718,1243299,2234630,1013922,0,0,0,13380978
1,1,2017-04-02,2017,3,5,7,0,0,423444,632344,1422774,3388197,2216531,940553,555458,1654621,1854649,636467,0,0,0,13725045
1,1,2017-04-03,2017,4,1,1,0,0,719855,1151769,1173788,3083637,3963214,970817,842916,2181462,3577582,864989,0,0,0,18530030
1,1,2017-04-04,2017,4,1,2,0,0,635167,948515,2027452,1587347,5555886,1281545,751487,1266787,3967508,1253156,0,0,0,19274852
1,1,2017-04-05,2017,4,1,3,0,0,381100,948515,1067080,4159761,4350254,2506184,1957288,2318220,2926118,806583,0,0,0,21421106
1,1,2017-04-06,2017,4,1,4,0,0,677511,1355022,2027452,2802132,5269192,1237858,1932374,2022959,1619694,2076640,0,0,0,21020838
1,1,2017-04-07,2017,4,1,5,0,0,232894,338756,533540,1049991,2447362,644428,742656,1705708,530676,545036,0,0,0,8771052
1,1,2017-04-08,2017,4,1,6,0,0,381100,474258,1013726,2206005,1025934,918597,477048,986068,868860,355592,0,0,0,8707194
1,1,2017-04-09,2017,4,1,7,0,0,804544,609760,1493912,1832381,4658717,1329901,1401541,3081060,4177090,1325043,0,0,0,20713956
1,1,2017-04-10,2017,4,2,1,0,0,846889,609760,1280496,5235721,3482525,1726752,1235125,1523130,1722462,2524929,0,0,0,20187790
1,1,2017-04-11,2017,4,2,2,0,0,635167,880764,1600620,5704524,5227382,1996298,1739634,1318251,2935149,1824868,0,0,0,23862659
1,1,2017-04-12,2017,4,2,3,0,0,423444,1355022,1067080,2375082,1811526,1114610,1555426,2773868,1494617,1449079,0,0,0,15419757
1,1,2017-04-13,2017,4,2,4,0,0,550478,1084018,1493912,2292560,2736950,1688862,631460,1100086,1466686,2120144,0,0,0,15165160
1,1,2017-04-14,2017,4,2,5,0,0,423444,508133,533540,1034250,3353422,919068,891110,915378,855710,846196,0,0,0,10280256
1,1,2017-04-15,2017,4,2,6,0,0,296411,304880,746956,667764,1889368,684219,578834,1242960,827893,389520,0,0,0,7628811
1,1,2017-04-16,2017,4,2,7,0,0,381100,1084018,1173788,2224282,6125826,1996333,1836686,2761191,1459638,2038722,0,0,0,21081591
1,1,2017-04-17,2017,4,3,1,0,0,846889,609760,1920744,4016561,2126418,3152497,1243878,1732769,2887762,1325800,0,0,0,19863079
1,1,2017-04-18,2017,4,3,2,0,0,508133,948515,960372,1484412,1916892,2475298,886209,1290335,3127466,1535514,0,0,0,15133148
1,1,2017-04-19,2017,4,3,3,0,0,762200,1016267,1280496,2332282,5397918,1889083,1119586,2031150,2472512,1612776,0,0,0,19914273
1,1,2017-04-20,2017,4,3,4,0,0,508133,1151769,1920744,3590819,6741561,2114131,1078135,1788040,3136866,1008801,0,0,0,23039003
1,1,2017-04-21,2017,4,3,5,0,0,338756,542009,533540,1596941,677799,832897,326539,683810,622506,457241,0,0,0,6612043
1,1,2017-04-22,2017,4,3,6,0,0,317583,542009,853664,1159648,3206605,1379228,323123,1255192,945303,622283,0,0,0,10604644
1,1,2017-04-23,2017,4,3,7,0,0,465789,677511,2027452,4097752,6449134,2245566,894039,3106228,2459318,1533090,0,0,0,23955886
1,1,2017-04-24,2017,4,4,1,0,0,846889,677511,1387204,2231773,3380732,2083141,1801586,1363327,1106543,1072409,0,0,0,15951116
1,1,2017-04-25,2017,4,4,2,0,0,381100,1355022,1387204,3214292,2671382,2369396,1346168,2173912,2270546,1753424,0,0,0,18922448
1,1,2017-04-26,2017,4,4,3,0,0,846889,880764,1814036,3041134,4466119,2463932,767956,1452692,1929414,1272032,0,0,0,18934971
1,1,2017-04-27,2017,4,4,4,0,0,423444,1151769,1814036,2214867,3773952,1117204,896843,2280620,2113997,1988664,0,0,0,17775400
1,1,2017-04-28,2017,4,4,5,0,0,359928,609760,960372,2727401,3824088,563125,527203,467738,783229,539033,0,0,0,11361882
1,1,2017-04-29,2017,4,4,6,0,0,232894,406507,586894,1191137,3578013,1371938,552160,1158500,1327749,493144,0,0,0,10898942
1,1,2017-04-30,2017,4,4,7,0,0,423444,1016267,1493912,5381334,2466584,3387506,778842,1673534,1722113,1222752,0,0,0,19566295
1,1,2017-05-01,2017,4,5,1,0,0,423444,1287271,1600620,1871129,2294622,1280555,1357996,1160366,1714371,2103699,0,0,0,15094074
1,1,2017-05-02,2017,4,5,2,0,0,804544,1355022,1173788,3902787,4316164,1894223,1292871,1178096,1900767,1432851,0,0,0,19251115
1,1,2017-05-03,2017,4,5,3,0,0,308700,668165,1101468,652410,648343,1195260,1877948,2178436,1261149,968075,0,0,0,10859957
1,1,2017-05-04,2017,4,5,4,0,0,396900,678848,1264790,820925,958532,1025951,1281005,3399873,1354304,887506,0,0,0,12068638
1,1,2017-05-05,2017,4,5,5,0,0,198450,544894,671240,1096224,760515,1215495,2091563,1665881,2599096,1049713,0,0,0,11893076
1,1,2017-05-06,2017,4,5,6,0,0,330750,434408,1138589,923804,865892,1016150,2742285,1081980,2754664,1317237,0,0,0,12605765
1,1,2017-05-07,2017,4,5,7,0,0,374850,844674,439859,787050,859933,893959,1908888,2052305,794487,1505894,0,0,0,10461906
1,1,2017-05-08,2017,5,1,1,0,0,485100,572294,1773875,2105885,1367322,2936403,4697933,3250530,7022530,2130033,0,0,0,26341906
1,1,2017-05-09,2017,5,1,2,0,0,458640,1371624,1790338,1794751,1297768,1686555,2411738,3591205,5853093,3088499,0,0,0,23344213
1,1,2017-05-10,2017,5,1,3,0,0,220500,470131,837403,950744,530466,1792710,2452134,3273129,2107883,1235694,0,0,0,13870797
1,1,2017-05-11,2017,5,1,4,0,0,308700,727396,1279559,615795,816202,1913925,1420635,1649694,2245842,755125,0,0,0,11732877
1,1,2017-05-12,2017,5,1,5,0,0,418950,314341,456512,952289,1218112,1232653,1898640,1206632,1622083,932674,0,0,0,10252891
1,1,2017-05-13,2017,5,1,6,0,0,242550,671262,850924,772201,754516,1981870,1662246,3515796,1428390,775946,0,0,0,12655707
1,1,2017-05-14,2017,5,1,7,0,0,441000,650330,498969,809614,507026,1419466,1524466,2206154,1527690,787163,0,0,0,10371885
1,1,2017-05-15,2017,5,2,1,0,0,396900,1022087,1338764,1734044,1611910,2466890,4597964,5506030,4497444,4047239,0,0,0,27219273
1,1,2017-05-16,2017,5,2,2,0,0,599760,572717,633367,2068243,2011860,1902728,3834862,1791094,2894525,2070551,0,0,0,18379709
1,1,2017-05-17,2017,5,2,3,0,0,220500,501023,1122814,348690,1078757,1382056,1463652,2340184,1617862,1223563,0,0,0,11299104
1,1,2017-05-18,2017,5,2,4,0,0,418950,609774,524470,486300,643716,877973,2574035,1135347,1608639,1222690,0,0,0,10101898
1,1,2017-05-19,2017,5,2,5,0,0,374850,621359,1110866,962889,436400,1461480,1751956,2077618,1434760,1204083,0,0,0,11436266
1,1,2017-05-20,2017,5,2,6,0,0,308700,321611,471335,937882,724669,976267,1140400,1561030,1907681,756210,0,0,0,9105791
1,1,2017-05-21,2017,5,2,7,0,0,352800,955904,1015772,1113293,680945,1198740,1530091,1745287,1803474,957895,0,0,0,11354208
1,1,2017-05-22,2017,5,3,1,0,0,837900,1355988,1583747,1603433,1816460,3599812,3684374,4431359,3160992,3473662,0,0,0,25547728
1,1,2017-05-23,2017,5,3,2,0,0,352800,829695,599308,1525419,1277511,1463690,5881704,3473799,2708414,2002902,0,0,0,20115244
1,1,2017-05-24,2017,5,3,3,0,0,308700,626199,569626,879304,877694,1195868,2077776,1764536,1335870,924368,0,0,0,10559944
1,1,2017-05-25,2017,5,3,4,0,0,264600,462033,870471,377816,817126,1220138,2645172,3253273,1124549,601183,0,0,0,11636365
1,1,2017-05-26,2017,5,3,5,0,0,308700,868470,1038195,846390,936758,693450,2242228,1031837,1742218,1529082,0,0,0,11237333
1,1,2017-05-27,2017,5,3,6,0,0,242550,734552,504390,1096585,821453,1120874,1605568,2287817,1673862,877465,0,0,0,10965122
1,1,2017-05-28,2017,5,3,7,0,0,198450,733876,357436,535978,489563,993611,1373466,2156644,2523906,760086,0,0,0,10123023
1,1,2017-05-29,2017,5,4,1,0,0,529200,1036832,1312646,1716278,1584250,1786653,2241849,5114631,5392806,1451882,0,0,0,22167028
1,1,2017-05-30,2017,5,4,2,0,0,458640,1015314,3063622,1848160,1797859,1786798,3081203,2472733,4462600,1186525,0,0,0,21173456
1,1,2017-05-31,2017,5,4,3,0,0,463050,897827,1213021,733209,1266376,1788501,1989162,2590366,3244516,1738830,0,0,0,15924861
1,1,2017-06-01,2017,5,4,4,0,0,628425,1213929,2490970,1253327,690657,1140768,2548837,2206018,2773484,1329046,0,0,0,16275465
1,1,2017-06-02,2017,5,4,5,0,0,529200,413090,728220,1266090,842334,1038575,2609917,2873459,3076596,1926684,0,0,0,15304170
1,1,2017-06-03,2017,5,4,6,0,0,628425,970126,923158,1216253,884160,884282,2108471,1816942,3655615,1627278,0,0,0,14714716
1,1,2017-06-04,2017,5,4,7,0,0,529200,1040094,729900,1064046,2064244,2041075,2153978,2596275,1367525,1797782,0,0,0,15384126
1,1,2017-06-05,2017,6,1,1,0,0,562275,686730,1392597,701020,1745348,2488614,2189321,3068689,3165052,2292410,0,0,0,18292057
1,1,2017-06-06,2017,6,1,2,0,0,463050,1938114,831130,1448225,1239038,1631648,5175334,1705734,3528908,1657991,0,0,0,19619174
1,1,2017-06-07,2017,6,1,3,0,0,793800,1103171,1097375,2753357,3398038,3829906,4407521,9871105,3390551,2845656,0,0,0,33490483
1,1,2017-06-08,2017,6,1,4,0,0,1005480,1328194,1622416,1850539,1625510,1947070,2737497,7336514,7974916,3235642,0,0,0,30663782
1,1,2017-06-09,2017,6,1,5,0,0,595350,1117219,962410,520888,954616,1813954,2515260,3585582,2611657,1217921,0,0,0,15894862
1,1,2017-06-10,2017,6,1,6,0,0,429975,1390766,630064,766775,1014013,1898237,1440461,3504257,4131951,1102501,0,0,0,16309006
1,1,2017-06-11,2017,6,1,7,0,0,429975,881774,1780979,1543136,582179,1732176,1379182,4703508,2311267,2492246,0,0,0,17836429
1,1,2017-06-12,2017,6,2,1,0,0,562275,344865,569186,1208845,1019696,1501004,2204340,4531629,1856548,1154235,0,0,0,14952624
1,1,2017-06-13,2017,6,2,2,0,0,529200,809665,1377922,939291,1211960,2473096,3689878,2840188,2962218,2152923,0,0,0,18986343
1,1,2017-06-14,2017,6,2,3,0,0,859950,1199685,2971740,3564049,1301873,2343811,6885155,7532071,4649363,5756394,0,0,0,37064094
1,1,2017-06-15,2017,6,2,4,0,0,899640,2853145,1852927,2549240,3406920,2174868,3621097,7047393,9068030,3731008,0,0,0,37204272
1,1,2017-06-16,2017,6,2,5,0,0,429975,433399,1455057,1766540,1252880,795375,1947530,2248016,2371813,1691412,0,0,0,14392002
1,1,2017-06-17,2017,6,2,6,0,0,463050,1515974,860819,1242300,1213472,2902098,3371668,2959773,3044872,1413032,0,0,0,18987064
1,1,2017-06-18,2017,6,2,7,0,0,496125,613102,1023982,2102183,550854,1156843,1134036,2616239,2813503,1265540,0,0,0,13772414
1,1,2017-06-19,2017,6,3,1,0,0,330750,889360,934297,1088790,927387,2071327,1741785,1735272,2075017,1314079,0,0,0,13108065
1,1,2017-06-20,2017,6,3,2,0,0,661500,841158,1663249,1417680,1951868,2156217,4962346,3357669,2027142,3398933,0,0,0,22437764
1,1,2017-06-21,2017,6,3,3,0,0,727650,1683081,1380612,2938919,1756230,5607739,6423714,4730845,4799289,3449619,0,0,0,33497701
1,1,2017-06-22,2017,6,3,4,0,0,476280,1041215,2575658,3711929,3179628,3875060,3011343,9542030,7404504,1849677,0,0,0,36667328
1,1,2017-06-23,2017,6,3,5,0,0,297675,644307,2215658,1742461,773914,2368844,3565752,1477976,1895802,974949,0,0,0,15957343
1,1,2017-06-24,2017,6,3,6,0,0,529200,1307132,416015,2050204,1551695,1598476,2600566,4942179,2309839,1146956,0,0,0,18452268
1,1,2017-06-25,2017,6,3,7,0,0,396900,810819,895794,930839,1077127,1117280,2815090,4000843,1702992,1066985,0,0,0,14814676
1,1,2017-06-26,2017,6,4,1,0,0,463050,835803,1343362,737351,1714005,1714966,2161888,2284286,2246335,2465432,0,0,0,15966479
1,1,2017-06-27,2017,6,4,2,0,0,595350,1751514,1104760,1058344,751320,3102077,2563865,3177315,4680504,1862830,0,0,0,20647881
1,1,2017-06-28,2017,6,4,3,0,0,793800,1850166,2017291,2202772,2754922,2388183,6359888,4375023,6074366,3443912,0,0,0,32260326
1,1,2017-06-29,2017,6,4,4,0,0,952560,827599,882932,2584553,1999670,2304551,6228893,7676547,10044399,1949463,0,0,0,35451171
1,1,2017-06-30,2017,6,4,5,0,0,363825,1024731,1141526,938717,1704530,1046960,3028781,2875747,1765257,1827663,0,0,0,15717742
1,1,2017-07-01,2017,6,4,6,0,0,595350,955280,2159591,1411033,792965,2228287,3183554,2495684,3886310,1722917,0,0,0,19430977
1,1,2017-07-02,2017,6,4,7,0,0,529200,772047,543461,1065965,1005395,1095324,2156875,1866416,1530463,1395500,0,0,0,11960653
1,1,2017-07-03,2017,7,1,1,0,0,479904,767846,1280497,2979282,1460831,2162202,436755,897793,1486562,1103003,0,0,0,13054676
1,1,2017-07-04,2017,7,1,2,0,0,536363,406507,1209358,2512639,2448839,2046798,566723,1980495,2086069,626462,0,0,0,14420255
1,1,2017-07-05,2017,7,1,3,0,0,479904,632344,853664,1626396,3212622,887663,909478,1787811,2189433,798150,0,0,0,13377468
1,1,2017-07-06,2017,7,1,4,0,0,479904,542009,995942,1448077,3035731,788098,1335200,970806,2319207,1659949,0,0,0,13574927
1,1,2017-07-07,2017,7,1,5,0,0,141148,316172,355693,1220663,1323611,401933,462622,459411,844523,383897,0,0,0,5909678
1,1,2017-07-08,2017,7,1,6,0,0,155263,293588,569109,517941,2062892,476551,302171,603387,955846,257179,0,0,0,6193933
1,1,2017-07-09,2017,7,1,7,0,0,338756,632344,924803,1946836,3873623,666885,554749,901047,2359107,795561,0,0,0,12993718
1,1,2017-07-10,2017,7,2,1,0,0,536363,767846,1422774,1801640,2919363,1318482,960002,736208,1063896,1656758,0,0,0,13183333
1,1,2017-07-11,2017,7,2,2,0,0,254067,903348,1422774,1997794,3511490,1223001,382406,1030148,1643588,1276464,0,0,0,13645082
1,1,2017-07-12,2017,7,2,3,0,0,423444,542009,1280497,1346306,2105854,1691078,720510,1277044,2427428,724947,0,0,0,12539120
1,1,2017-07-13,2017,7,2,4,0,0,451674,496841,1138219,2245796,3480874,1340748,1405645,1451762,1040520,886343,0,0,0,13938426
1,1,2017-07-14,2017,7,2,5,0,0,169378,203253,569109,1662192,747447,636847,398376,552228,705110,608008,0,0,0,6251953
1,1,2017-07-15,2017,7,2,6,0,0,254067,271004,355693,843098,1050800,521618,386968,310746,673581,188850,0,0,0,4856431
1,1,2017-07-16,2017,7,2,7,0,0,338756,677511,924803,2466354,1904611,1132678,711872,1069669,1932798,1561196,0,0,0,12720255
1,1,2017-07-17,2017,7,3,1,0,0,366985,767846,640248,3404673,1684841,1188452,1090936,1319429,1256558,737083,0,0,0,12457052
1,1,2017-07-18,2017,7,3,2,0,0,564593,496841,1138219,1538508,3135605,1390440,534167,2050300,1743976,985223,0,0,0,13577874
1,1,2017-07-19,2017,7,3,3,0,0,564593,722678,1422774,1413120,969138,1303791,1323902,1088506,1531413,1411099,0,0,0,11751017
1,1,2017-07-20,2017,7,3,4,0,0,451674,677511,711387,3008882,2452346,1126190,553962,1178066,1435881,930845,0,0,0,12526748
1,1,2017-07-21,2017,7,3,5,0,0,282296,338756,533540,1208299,1950576,574302,503556,559700,509189,330220,0,0,0,6790439
1,1,2017-07-22,2017,7,3,6,0,0,254067,271004,355693,2068222,720126,461581,680978,894593,390868,476551,0,0,0,6573689
1,1,2017-07-23,2017,7,3,7,0,0,423444,406507,711387,2887760,2899771,907250,537146,896582,1543344,747134,0,0,0,11960332
1,1,2017-07-24,2017,7,4,1,0,0,310526,903348,1067081,1665635,1387527,1052532,542037,1212460,882078,559763,0,0,0,9582988
1,1,2017-07-25,2017,7,4,2,0,0,254067,722678,1280497,1771901,2957565,2238102,1046455,1023507,1657625,819179,0,0,0,13771578
1,1,2017-07-26,2017,7,4,3,0,0,310526,632344,995942,3077216,1184460,893026,831762,737932,869979,773996,0,0,0,10307186
1,1,2017-07-27,2017,7,4,4,0,0,508133,632344,640248,2371235,1785731,824354,1014408,1091909,1150808,871658,0,0,0,10890832
1,1,2017-07-28,2017,7,4,5,0,0,239952,406507,569109,1502659,846642,918691,672123,627390,957980,380096,0,0,0,7121154
1,1,2017-07-29,2017,7,4,6,0,0,211722,293588,640247,1062192,1048016,610244,253090,397184,423198,300160,0,0,0,5239647
1,1,2017-07-30,2017,7,4,7,0,0,366985,813013,1280497,3165946,1704761,1406175,975070,1308523,1667769,467958,0,0,0,13156704
1,1,2017-07-31,2017,8,1,1,0,0,564593,542009,1280497,1018803,5046759,633423,1050532,1657732,1862192,912530,0,0,0,14569071
1,1,2017-08-01,2017,8,1,2,0,0,536363,587176,1138219,2117623,1705024,1567588,925763,783768,1171357,795584,0,0,0,11328467
1,1,2017-08-02,2017,8,1,3,0,0,423444,1355022,1493912,1632514,4359535,970817,702430,2648918,2259526,961099,0,0,0,16807220
1,1,2017-08-03,2017,8,1,4,0,0,719855,1355022,1707328,2319968,4074316,2330082,1586473,995333,4176324,1629103,0,0,0,20893808
1,1,2017-08-04,2017,8,1,5,0,0,762200,880764,1280496,4404452,3582562,2801029,2324280,2318220,1316753,1451849,0,0,0,21122610
1,1,2017-08-05,2017,8,1,6,0,0,804544,880764,1814036,2662025,5269192,1462923,1830670,2022959,1041232,1710174,0,0,0,19498525
1,1,2017-08-06,2017,8,1,7,0,0,275239,406507,533540,1622713,2141441,644428,835488,1108710,1061352,286861,0,0,0,8916286
1,1,2017-08-07,2017,8,2,1,0,0,402272,643635,746956,2206005,1139927,540351,437294,682663,1055044,323265,0,0,0,8177413
1,1,2017-08-08,2017,8,2,2,0,0,381100,1219520,1280496,1985079,3882264,1728871,1001101,1386477,3968236,1987565,0,0,0,18820711
1,1,2017-08-09,2017,8,2,3,0,0,719855,1219520,1600620,5851688,3134273,1181462,1543906,2411623,1952124,1993365,0,0,0,21608439
1,1,2017-08-10,2017,8,2,4,0,0,762200,1016267,1387204,5704524,5575874,1644010,1841965,1464723,3118596,1920914,0,0,0,24436281
1,1,2017-08-11,2017,8,2,5,0,0,423444,1151769,1280496,2884028,3019211,2229221,1069355,1248241,2184440,1086809,0,0,0,16577019
1,1,2017-08-12,2017,8,2,6,0,0,508133,677511,1387204,2547289,1872650,1266647,631460,1955709,2133362,2002359,0,0,0,14982330
1,1,2017-08-13,2017,8,2,7,0,0,275239,575884,480186,875135,2421916,551441,891110,1414675,385070,564131,0,0,0,8434794
1,1,2017-08-14,2017,8,3,1,0,0,275239,609760,1067080,1038744,994404,836267,723543,1169845,709622,708218,0,0,0,8132723
1,1,2017-08-15,2017,8,3,2,0,0,381100,880764,1493912,2085264,3675496,998167,1714240,2761191,1621820,2038722,0,0,0,17650678
1,1,2017-08-16,2017,8,3,3,0,0,719855,745262,1387204,3544025,2598956,2820655,995102,1936624,2310210,1215316,0,0,0,18273212
1,1,2017-08-17,2017,8,3,4,0,0,719855,948515,2134160,1814282,2076633,2011179,749869,1720446,4169954,1247605,0,0,0,17592502
1,1,2017-08-18,2017,8,3,5,0,0,381100,1084018,1067080,2040746,6072658,1789657,1049612,1624920,2317980,1488716,0,0,0,18916492
1,1,2017-08-19,2017,8,3,6,0,0,677511,1287271,1387204,3590819,4612647,1321332,2156270,3576080,2300368,2129691,0,0,0,23039199
1,1,2017-08-20,2017,8,3,7,0,0,275239,677511,533540,1796558,1430909,1249346,457155,1056797,456504,868758,0,0,0,8802324
1,1,2017-08-21,2017,8,4,1,0,0,423444,372631,853664,892037,2404954,896498,502636,812183,945303,577834,0,0,0,8681185
1,1,2017-08-22,2017,8,4,2,0,0,550478,745262,1493912,2817205,6449134,1603976,1625526,2779257,2107987,1886880,0,0,0,22059619
1,1,2017-08-23,2017,8,4,3,0,0,846889,609760,1280496,1611836,1690366,1487958,1611945,1850230,1991777,1549036,0,0,0,14530296
1,1,2017-08-24,2017,8,4,4,0,0,465789,745262,1067080,5844168,3434634,2369396,1553271,2046035,1314526,1643835,0,0,0,20484000
1,1,2017-08-25,2017,8,4,5,0,0,592822,1219520,1280496,3041134,3509094,1642621,1365254,2905384,2342860,2312786,0,0,0,20211976
1,1,2017-08-26,2017,8,4,6,0,0,423444,948515,1814036,3164096,2830464,1452365,986527,1207387,4016594,1988664,0,0,0,18832098
1,1,2017-08-27,2017,8,4,7,0,0,423444,575884,586894,2296758,3622820,1188819,623058,935476,783229,787818,0,0,0,11824207
1,1,2017-08-28,2017,9,1,1,0,0,232894,542009,1013726,1488921,3578013,1629176,828240,1235733,1048223,669267,0,0,0,12266203
1,1,2017-08-29,2017,9,1,2,0,0,719855,1219520,1600620,3115509,2620746,3387506,843746,1338827,2678843,1366605,0,0,0,18891779
1,1,2017-08-30,2017,9,1,3,0,0,508133,948515,960372,2338911,3278032,1814119,1648995,1805014,964334,2214420,0,0,0,16480848
1,1,2017-08-31,2017,9,1,4,0,0,423444,1355022,1814036,4423159,6278056,3157038,1034297,1767144,1006288,1873728,0,0,0,23132216
1,1,2017-09-01,2017,9,1,5,0,0,220500,572713,991321,1186200,997450,1195260,1596256,1415983,2017838,1149589,0,0,0,11343115
1,1,2017-09-02,2017,9,1,6,0,0,308700,543078,869543,1136666,958532,732822,1110204,1789407,846440,942975,0,0,0,9238373
1,1,2017-09-03,2017,9,1,7,0,0,264600,408671,710725,1388550,475322,1458594,2788750,999528,1949322,2099426,0,0,0,12543495
1,1,2017-09-04,2017,9,2,1,0,0,308700,355424,853942,831424,779303,931471,2453624,1081980,1683406,1519889,0,0,0,10799164
1,1,2017-09-05,2017,9,2,2,0,0,220500,666848,314185,577170,859933,1589261,1240777,2052305,1235868,1129421,0,0,0,9886270
1,1,2017-09-06,2017,9,2,3,0,0,617400,629523,1500971,1052942,2278870,1957602,5285174,2750449,6320277,2890759,0,0,0,25283970
1,1,2017-09-07,2017,9,2,4,0,0,670320,1285898,1369082,2111472,1061810,1264916,2597256,3591205,2772518,3088499,0,0,0,19812980
1,1,2017-09-08,2017,9,2,5,0,0,308700,812045,1294168,894818,1060933,1434168,1471280,1732833,1171046,1318074,0,0,0,11498070
1,1,2017-09-09,2017,9,2,6,0,0,441000,344556,938343,538821,775392,906596,1988889,2549527,2009437,1029716,0,0,0,11522283
1,1,2017-09-10,2017,9,2,7,0,0,264600,269435,373510,1025542,1157206,1001530,1044252,1327295,1531967,1968978,0,0,0,9964322
1,1,2017-09-11,2017,9,3,1,0,0,396900,629309,780013,590507,887666,1684590,1278651,1757898,714195,942220,0,0,0,9661950
1,1,2017-09-12,2017,9,3,2,0,0,264600,376507,614115,1324823,507026,1135573,1172666,1434000,859325,1224475,0,0,0,8913112
1,1,2017-09-13,2017,9,3,3,0,0,529200,851739,1933771,2456563,1511166,1298363,2528880,4129523,4872231,3809166,0,0,0,23920605
1,1,2017-09-14,2017,9,3,4,0,0,635040,715896,760040,1723536,1408302,1545967,2769623,1611985,5789050,1552913,0,0,0,18512356
1,1,2017-09-15,2017,9,3,5,0,0,396900,567826,954392,697379,1011335,1056866,1351063,1376579,2364567,791717,0,0,0,10568629
1,1,2017-09-16,2017,9,3,6,0,0,374850,365864,839152,680820,1053353,1170630,2574035,1754628,1354643,917017,0,0,0,11084998
1,1,2017-09-17,2017,9,3,7,0,0,374850,402056,1348909,1481368,581867,1375510,1751956,1588766,1793450,1290089,0,0,0,11988828
1,1,2017-09-18,2017,9,4,1,0,0,418950,353772,439912,789795,592911,1220334,2280800,2428269,2725258,648180,0,0,0,11898182
1,1,2017-09-19,2017,9,4,2,0,0,198450,637270,457097,927744,1021417,1339768,1176993,2327050,1803474,798246,0,0,0,10687511
1,1,2017-09-20,2017,9,4,3,0,0,837900,2259980,1809997,1697753,1397277,2463029,2714802,2954239,5747258,2508756,0,0,0,24390994
1,1,2017-09-21,2017,9,4,4,0,0,529200,770431,980685,1605704,1625924,1341716,4999448,4168559,3310284,1573708,0,0,0,20905663
1,1,2017-09-22,2017,9,4,5,0,0,330750,670928,569626,1172405,1065771,1275592,1500616,1213119,1870218,1027076,0,0,0,10696106
1,1,2017-09-23,2017,9,4,6,0,0,220500,616044,1138308,717850,1225688,1032425,1587103,2891798,1431244,1068770,0,0,0,11929736
1,1,2017-09-24,2017,9,4,7,0,0,374850,651353,973308,976604,526927,1386900,2242228,1238204,2758511,1242379,0,0,0,12371271
1,1,2017-09-25,2017,10,1,1,0,0,396900,795765,917072,1038870,762778,910710,1313646,1324525,2789770,1462442,0,0,0,11712479
1,1,2017-09-26,2017,10,1,2,0,0,418950,629036,357436,535978,338928,1192333,1373466,1824853,1963038,1064120,0,0,0,9698140
1,1,2017-09-27,2017,10,1,3,0,0,837900,1382442,1218885,1848300,1232195,3215975,2490943,3750729,5392806,1979840,0,0,0,23350018
1,1,2017-09-28,2017,10,1,4,0,0,599760,1269142,2757260,2244194,2134958,3248724,4929925,2060611,2789125,1898440,0,0,0,23932143
1,1,2017-09-29,2017,10,1,5,0,0,429975,1035954,1288835,666554,1042898,1676720,3182659,2590366,2481101,1304123,0,0,0,15699190
1,1,2017-09-30,2017,10,1,6,0,0,628425,944167,1619131,810976,627870,1254845,1649248,1866631,3169696,2104322,0,0,0,14675317
1,1,2017-10-01,2017,10,1,7,0,0,429975,660944,860623,1191614,842334,1298219,2319926,3042486,2221986,912640,0,0,0,13780754
1,1,2017-10-02,2017,10,2,1,0,0,463050,970126,865461,781877,1277120,1965070,2530165,2826354,4061794,1712924,0,0,0,17453942
1,1,2017-10-03,2017,10,2,2,0,0,429975,550638,778560,2128092,2064244,1530806,2937243,2832300,2735050,1419302,0,0,0,17406212
1,1,2017-10-04,2017,10,2,3,0,0,562275,686730,732946,817856,1194185,1702736,2694549,5300462,3340888,1031585,0,0,0,18064215
1,1,2017-10-05,2017,10,2,4,0,0,628425,1841208,1246694,2116636,681471,1359707,5175334,2729174,2587866,2072489,0,0,0,20439008
1,1,2017-10-06,2017,10,2,5,0,0,992250,1103171,2072820,1781584,3398038,4787382,8013674,10419499,3729606,3414787,0,0,0,39712816
1,1,2017-10-07,2017,10,2,6,0,0,582120,1438876,1622416,3084231,2113163,2246619,4258328,4126789,7505803,4729015,0,0,0,31707366
1,1,2017-10-08,2017,10,2,7,0,0,595350,907741,481205,1041775,954616,1179070,2724865,4866147,2052016,1759219,0,0,0,16562011
1,1,2017-10-09,2017,10,3,1,0,0,661500,1081707,735074,1061689,823885,1898237,1584507,5006082,2609653,1715001,0,0,0,17177336
1,1,2017-10-10,2017,10,3,2,0,0,330750,1234484,1484150,868014,698615,2165220,2620446,4442202,1877905,2024950,0,0,0,17746738
1,1,2017-10-11,2017,10,3,3,0,0,297675,551784,626105,949807,926996,1801204,2755425,2832268,3375542,1269659,0,0,0,15386468
1,1,2017-10-12,2017,10,3,4,0,0,595350,520499,1377922,1148023,1118732,2119796,3162752,1966284,2406802,1435282,0,0,0,15851446
1,1,2017-10-13,2017,10,3,5,0,0,926100,2266071,2971740,3376467,1562248,2343811,4426171,4184484,5424257,6475943,0,0,0,33957297
1,1,2017-10-14,2017,10,3,6,0,0,635040,1501655,2695166,2999106,2868986,2951606,5925431,7517219,7858959,3938286,0,0,0,38891460
1,1,2017-10-15,2017,10,3,7,0,0,496125,433399,1616730,1668399,1879321,1272600,3009819,1605726,1581209,890217,0,0,0,14453552
1,1,2017-10-16,2017,10,4,1,0,0,396900,1326478,1635556,993840,1284853,2176574,2129474,2367818,2283654,1059774,0,0,0,15654922
1,1,2017-10-17,2017,10,4,2,0,0,297675,481723,1023982,1438336,856884,2313686,1814458,1846757,4019290,2671696,0,0,0,16764489
1,1,2017-10-18,2017,10,4,3,0,0,396900,575468,1358978,1682675,811464,1380884,2322380,2602908,4380591,1752106,0,0,0,17264357
1,1,2017-10-19,2017,10,4,4,0,0,363825,791678,1271897,866360,1951868,2156217,2481173,3805358,2477618,2265955,0,0,0,18431953
1,1,2017-10-20,2017,10,4,5,0,0,595350,2142104,1506122,3457552,1609878,5277872,7800224,10512988,6645170,5307106,0,0,0,44854371
1,1,2017-10-21,2017,10,4,6,0,0,529200,1272597,1770765,2735106,2384721,3875060,3242985,8587827,11723798,1849677,0,0,0,37971742
1,1,2017-10-22,2017,10,4,7,0,0,562275,579876,1218612,1127475,1006088,2119492,3387464,2463294,2654123,1329476,0,0,0,16448182
1,1,2017-10-23,2017,10,5,1,0,0,529200,1537802,462239,1537653,1825524,1465269,2167138,3197880,1979862,882274,0,0,0,15584842
1,1,2017-10-24,2017,10,5,2,0,0,363825,1261274,1990654,1241118,1166888,2358702,3897817,3294812,1459708,1707176,0,0,0,18741976
1,1,2017-10-25,2017,10,5,3,0,0,429975,603636,1511282,1253497,1310709,1200476,2161888,3945586,2085883,2465432,0,0,0,16968367
1,1,2017-10-26,2017,10,5,4,0,0,429975,1138484,903894,764360,887923,2612275,1880167,2753673,3120336,2292714,0,0,0,16783805
1,1,2017-10-27,2017,10,5,5,0,0,595350,2220199,4034582,2753465,2410556,2388183,8479850,7000037,9111550,2817746,0,0,0,41811523
1,1,2017-10-28,2017,10,5,6,0,0,635040,827599,971225,1723035,2532915,3072734,6574942,4064054,9515747,3032498,0,0,0,32949795
1,1,2017-10-29,2017,10,5,7,0,0,330750,819785,1867952,768041,986833,1744934,3407378,2270327,1901046,1462130,0,0,0,15559183
1,1,2017-10-30,2017,11,1,1,0,0,429975,603335,2039614,1713398,1158949,2104493,2809019,3856967,1943155,1230655,0,0,0,17889561
1,1,2017-10-31,2017,11,1,2,0,0,363825,1389685,905768,1162871,1182818,1394049,1386563,2281176,1658002,1395500,0,0,0,13120259
1,1,2017-11-01,2017,11,1,3,0,0,254067,903348,1067081,3329786,1123716,1729762,611457,748161,1486562,882402,0,0,0,12136345
1,1,2017-11-02,2017,11,1,4,0,0,395215,767846,1351635,1478023,2072094,1939072,523129,1760440,2086069,569511,0,0,0,12943038
1,1,2017-11-03,2017,11,1,5,0,0,395215,722678,1067081,1626396,2208678,887663,1069974,1599620,2060643,997688,0,0,0,12635641
1,1,2017-11-04,2017,11,1,6,0,0,536363,496841,853664,1524292,3035731,716453,1201680,1456209,1098572,1014413,0,0,0,11934224
1,1,2017-11-05,2017,11,1,7,0,0,127033,271004,640247,1436074,1654514,535910,498208,826940,894200,531549,0,0,0,7415686
1,1,2017-11-06,2017,11,2,1,0,0,282296,361339,320124,517941,2426932,741301,348659,689586,754616,371480,0,0,0,6814275
1,1,2017-11-07,2017,11,2,2,0,0,564593,767846,995942,2530887,3873623,1030640,554749,540628,1738289,673167,0,0,0,13270366
1,1,2017-11-08,2017,11,2,3,0,0,536363,542009,1067081,1801640,1946242,1419904,1020002,899810,1182107,1472674,0,0,0,11887835
1,1,2017-11-09,2017,11,2,4,0,0,536363,542009,640248,3163173,2282469,1128924,807301,1259070,1397050,1021171,0,0,0,12777782
1,1,2017-11-10,2017,11,2,5,0,0,536363,496841,1138219,2019460,1619888,1513070,917013,1064204,1577828,1318086,0,0,0,12200977
1,1,2017-11-11,2017,11,2,6,0,0,479904,542009,1067081,3455070,2661845,1266262,1483737,1814702,1474070,1227244,0,0,0,15471930
1,1,2017-11-12,2017,11,2,7,0,0,155263,271004,640247,1955520,448468,685835,337087,552228,453285,384005,0,0,0,5882949
1,1,2017-11-13,2017,11,3,1,0,0,282296,429090,320124,907952,853775,405703,548204,586964,625468,209833,0,0,0,5169410
1,1,2017-11-14,2017,11,3,2,0,0,254067,903348,1351635,2055295,2004854,1294490,667380,2032371,1932798,1014777,0,0,0,13511017
1,1,2017-11-15,2017,11,3,3,0,0,395215,632344,853664,3782970,2808068,1080411,613652,907107,1256558,793782,0,0,0,13123774
1,1,2017-11-16,2017,11,3,4,0,0,310526,451674,924803,1461583,1916203,817906,890279,1230180,2280584,919541,0,0,0,11203283
1,1,2017-11-17,2017,11,3,5,0,0,423444,677511,1351635,997496,1066052,902624,1557532,1741610,957133,1411099,0,0,0,11086141
1,1,2017-11-18,2017,11,3,6,0,0,310526,451674,1067081,2005921,2452346,1645970,646289,1178066,2219088,1241126,0,0,0,13218093
1,1,2017-11-19,2017,11,3,7,0,0,239952,316172,533540,1132781,2080614,459442,327311,671639,744200,363242,0,0,0,6868900
1,1,2017-11-20,2017,11,4,1,0,0,254067,451674,711386,1757989,830915,1025736,374538,596395,825166,448518,0,0,0,7276385
1,1,2017-11-21,2017,11,4,2,0,0,564593,632344,1138219,2310208,4745079,907250,402860,896582,964590,960601,0,0,0,13522328
1,1,2017-11-22,2017,11,4,3,0,0,395215,542009,853664,1388030,1783964,1435271,921463,1212460,1249611,951597,0,0,0,10733287
1,1,2017-11-23,2017,11,4,4,0,0,338756,542009,1067081,1882645,3640080,1678577,677118,1705845,1147586,1134248,0,0,0,13813949
1,1,2017-11-24,2017,11,4,5,0,0,423444,587176,1351635,3461868,1830529,1190701,720860,664139,1933286,773996,0,0,0,12937639
1,1,2017-11-25,2017,11,4,6,0,0,423444,767846,1209358,2964044,3174632,755658,563560,1679860,1918014,1072810,0,0,0,14529232
1,1,2017-11-26,2017,11,4,7,0,0,197607,338756,711386,845246,899557,969730,530624,330205,605040,209053,0,0,0,5637211
1,1,2017-11-27,2017,12,1,1,0,0,141148,271004,675817,1545006,1370482,406829,414148,364086,536051,475253,0,0,0,6199825
1,1,2017-11-28,2017,12,1,2,0,0,282296,587176,1422774,1741270,3068570,962120,1500108,1028125,1141105,831925,0,0,0,12565471
1,1,2017-11-29,2017,12,1,3,0,0,395215,451674,711387,1222564,4205633,1337226,1050532,1409072,1241461,861834,0,0,0,12886601
1,1,2017-11-30,2017,12,1,4,0,0,338756,406507,853664,4235246,2216531,1410829,1049198,1741706,1268970,795584,0,0,0,14316995
1,1,2017-12-01,2017,12,1,5,0,0,592822,1219520,1173788,3627808,5152178,1725896,1404860,2648918,2636113,1826088,0,0,0,22007996
1,1,2017-12-02,2017,12,1,6,0,0,635167,609760,1707328,1221036,6296671,1631057,918485,1719211,3132243,1127840,0,0,0,18998804
1,1,2017-12-03,2017,12,1,7,0,0,762200,1219520,1173788,2202226,3838460,2211339,2446610,1952186,1609365,1371191,0,0,0,18786892
1,1,2017-12-04,2017,12,2,1,0,0,804544,948515,1814036,2521919,4159889,2250650,1932374,1888095,1156924,1588019,0,0,0,19064966
1,1,2017-12-05,2017,12,2,2,0,0,275239,372631,1013726,954537,3059202,937350,417744,1108710,943424,315547,0,0,0,9398112
1,1,2017-12-06,2017,12,2,3,0,0,381100,304880,1067080,3151436,1595898,594386,556556,986068,1241228,452571,0,0,0,10331206
1,1,2017-12-07,2017,12,2,4,0,0,804544,677511,1814036,1832381,3882264,1728871,1401541,1386477,3341672,2252573,0,0,0,19121874
1,1,2017-12-08,2017,12,2,5,0,0,550478,1287271,1280496,4311770,5223788,1090580,849148,1650058,1148308,1860474,0,0,0,19252376
1,1,2017-12-09,2017,12,2,6,0,0,677511,880764,1493912,3803016,5575874,1878869,1125645,2343557,1834468,960457,0,0,0,20574079
1,1,2017-12-10,2017,12,2,7,0,0,719855,880764,1920744,1696487,3824333,1981530,1263783,1664321,1494617,1086809,0,0,0,16533250
1,1,2017-12-11,2017,12,3,1,0,0,465789,677511,2027452,2802018,2304800,2111078,1010336,2444636,1866691,1649001,0,0,0,17359313
1,1,2017-12-12,2017,12,3,2,0,0,254067,542009,480186,875135,3726024,551441,556944,1331459,812925,893207,0,0,0,10023399
1,1,2017-12-13,2017,12,3,3,0,0,423444,542009,800310,667764,1889368,684219,723543,1316075,768758,424931,0,0,0,8240424
1,1,2017-12-14,2017,12,3,4,0,0,423444,1355022,2134160,2363299,3675496,1552704,1591794,2761191,3081458,1918797,0,0,0,20857369
1,1,2017-12-15,2017,12,3,5,0,0,550478,1084018,2027452,3071488,4489105,3318418,1326803,1426986,1877045,1215316,0,0,0,20387114
1,1,2017-12-16,2017,12,3,6,0,0,550478,677511,2027452,3298694,2875338,1701767,1090718,1290335,1876479,1727453,0,0,0,17116231
1,1,2017-12-17,2017,12,3,7,0,0,508133,609760,1280496,2186514,3711069,1491381,1329508,2031150,2472512,1116537,0,0,0,16737067
1,1,2017-12-18,2017,12,4,1,0,0,804544,745262,1920744,4787758,3548190,2642664,1617203,1609236,3136866,2129691,0,0,0,22942159
1,1,2017-12-19,2017,12,4,2,0,0,317583,372631,746956,998088,979043,694081,293885,870303,705507,777310,0,0,0,6755389
1,1,2017-12-20,2017,12,4,3,0,0,423444,508133,1013726,892037,3807843,1310267,430831,1255192,696539,533386,0,0,0,10871401
1,1,2017-12-21,2017,12,4,4,0,0,677511,677511,1920744,3329424,5732563,3047554,1381697,1961828,2459318,1768950,0,0,0,22957104
1,1,2017-12-22,2017,12,4,5,0,0,635167,1151769,1067080,1611836,1690366,1934345,853383,1558088,2102432,1787349,0,0,0,14391820
1,1,2017-12-23,2017,12,4,6,0,0,550478,1219520,1067080,4967543,3243821,2053476,931963,1406649,1314526,986301,0,0,0,17741363
1,1,2017-12-24,2017,12,4,7,0,0,804544,948515,1387204,1440537,3509094,2299669,1621240,3066794,1929414,1503311,0,0,0,18510329
1,1,2017-12-25,2017,12,5,1,0,0,381100,677511,2134160,1740253,4481568,1005484,1255580,2280620,3805195,2386397,0,0,0,20147869
1,1,2017-12-26,2017,12,5,2,0,0,423444,508133,960372,2296758,2415214,1001110,479275,514512,1210444,663426,0,0,0,10472690
1,1,2017-12-27,2017,12,5,3,0,0,275239,677511,640248,893353,3975570,1028953,773024,1544666,1257867,563594,0,0,0,11630028
1,1,2017-12-28,2017,12,5,4,0,0,423444,948515,2027452,5098106,2312423,1693753,713939,2231378,3252880,1150826,0,0,0,19852720
1,1,2017-12-29,2017,12,5,5,0,0,423444,1287271,1920744,2962621,1475114,2134258,969997,1805014,1071482,1217931,0,0,0,15267881
1,1,2017-12-30,2017,12,5,6,0,0,762200,677511,1493912,3122230,5493299,1736371,948105,1884954,2124386,1322632,0,0,0,19565606
1,1,2017-12-31,2017,12,5,7,0,0,592822,948515,1173788,2689482,4481568,2234408,1704002,2683082,2113997,1458354,0,0,0,20080025
