id,department_id,store_id,year,month,day,staff_number,type,created_at,updated_at
1,1,1,2018,1,1,78,RealStaff,2018-11-19 14:12:03.32555,2018-11-19 14:12:03.32555
2,1,1,2018,1,2,109,RealStaff,2018-11-19 14:12:03.369145,2018-11-19 14:12:03.369145
3,1,1,2018,1,3,145,RealStaff,2018-11-19 14:12:03.41064,2018-11-19 14:12:03.41064
4,1,1,2018,1,4,148,RealStaff,2018-11-19 14:12:03.440058,2018-11-19 14:12:03.440058
5,1,1,2018,1,5,145,RealStaff,2018-11-19 14:12:03.469906,2018-11-19 14:12:03.469906
6,1,1,2018,1,6,76,RealStaff,2018-11-19 14:12:03.503528,2018-11-19 14:12:03.503528
7,1,1,2018,1,7,79,RealStaff,2018-11-19 14:12:03.523769,2018-11-19 14:12:03.523769
8,1,1,2018,1,8,113,RealStaff,2018-11-19 14:12:03.548268,2018-11-19 14:12:03.548268
9,1,1,2018,1,9,131,RealStaff,2018-11-19 14:12:03.578954,2018-11-19 14:12:03.578954
10,1,1,2018,1,10,34,RealStaff,2018-11-19 14:12:03.607639,2018-11-19 14:12:03.607639
11,1,1,2018,1,11,117,RealStaff,2018-11-19 14:12:03.637722,2018-11-19 14:12:03.637722
12,1,1,2018,1,12,127,RealStaff,2018-11-19 14:12:03.678839,2018-11-19 14:12:03.678839
13,1,1,2018,1,13,155,RealStaff,2018-11-19 14:12:03.7143,2018-11-19 14:12:03.7143
14,1,1,2018,1,14,128,RealStaff,2018-11-19 14:12:03.735051,2018-11-19 14:12:03.735051
15,1,1,2018,1,15,138,RealStaff,2018-11-19 14:12:03.7646,2018-11-19 14:12:03.7646
16,1,1,2018,1,16,68,RealStaff,2018-11-19 14:12:03.798436,2018-11-19 14:12:03.798436
17,1,1,2018,1,17,154,RealStaff,2018-11-19 14:12:03.857738,2018-11-19 14:12:03.857738
18,1,1,2018,1,18,99,RealStaff,2018-11-19 14:12:03.906737,2018-11-19 14:12:03.906737
19,1,1,2018,1,19,99,RealStaff,2018-11-19 14:12:03.933642,2018-11-19 14:12:03.933642
20,1,1,2018,1,20,157,RealStaff,2018-11-19 14:12:03.96551,2018-11-19 14:12:03.96551
21,1,1,2018,1,21,112,RealStaff,2018-11-19 14:12:04.020316,2018-11-19 14:12:04.020316
22,1,1,2018,1,22,82,RealStaff,2018-11-19 14:12:04.055327,2018-11-19 14:12:04.055327
23,1,1,2018,1,23,32,RealStaff,2018-11-19 14:12:04.102033,2018-11-19 14:12:04.102033
24,1,1,2018,1,24,154,RealStaff,2018-11-19 14:12:04.173081,2018-11-19 14:12:04.173081
25,1,1,2018,1,25,63,RealStaff,2018-11-19 14:12:04.216015,2018-11-19 14:12:04.216015
26,1,1,2018,1,26,127,RealStaff,2018-11-19 14:12:04.268122,2018-11-19 14:12:04.268122
27,1,1,2018,1,27,162,RealStaff,2018-11-19 14:12:04.310411,2018-11-19 14:12:04.310411
28,1,1,2018,1,28,128,RealStaff,2018-11-19 14:12:04.348104,2018-11-19 14:12:04.348104
29,1,1,2018,2,1,90,RealStaff,2018-11-19 14:12:04.387464,2018-11-19 14:12:04.387464
30,1,1,2018,2,2,125,RealStaff,2018-11-19 14:12:04.421198,2018-11-19 14:12:04.421198
31,1,1,2018,2,3,160,RealStaff,2018-11-19 14:12:04.489436,2018-11-19 14:12:04.489436
32,1,1,2018,2,4,164,RealStaff,2018-11-19 14:12:04.542507,2018-11-19 14:12:04.542507
33,1,1,2018,2,5,161,RealStaff,2018-11-19 14:12:04.6008,2018-11-19 14:12:04.6008
34,1,1,2018,2,6,76,RealStaff,2018-11-19 14:12:04.653435,2018-11-19 14:12:04.653435
35,1,1,2018,2,7,85,RealStaff,2018-11-19 14:12:04.717601,2018-11-19 14:12:04.717601
36,1,1,2018,2,8,126,RealStaff,2018-11-19 14:12:04.747935,2018-11-19 14:12:04.747935
37,1,1,2018,2,9,144,RealStaff,2018-11-19 14:12:04.775837,2018-11-19 14:12:04.775837
38,1,1,2018,2,10,40,RealStaff,2018-11-19 14:12:04.813378,2018-11-19 14:12:04.813378
39,1,1,2018,2,11,130,RealStaff,2018-11-19 14:12:04.883638,2018-11-19 14:12:04.883638
40,1,1,2018,2,12,141,RealStaff,2018-11-19 14:12:04.933223,2018-11-19 14:12:04.933223
41,1,1,2018,2,13,163,RealStaff,2018-11-19 14:12:04.971049,2018-11-19 14:12:04.971049
42,1,1,2018,2,14,142,RealStaff,2018-11-19 14:12:05.027387,2018-11-19 14:12:05.027387
43,1,1,2018,2,15,154,RealStaff,2018-11-19 14:12:05.08674,2018-11-19 14:12:05.08674
44,1,1,2018,2,16,74,RealStaff,2018-11-19 14:12:05.116306,2018-11-19 14:12:05.116306
45,1,1,2018,2,17,170,RealStaff,2018-11-19 14:12:05.182442,2018-11-19 14:12:05.182442
46,1,1,2018,2,18,114,RealStaff,2018-11-19 14:12:05.230984,2018-11-19 14:12:05.230984
47,1,1,2018,2,19,114,RealStaff,2018-11-19 14:12:05.288598,2018-11-19 14:12:05.288598
48,1,1,2018,2,20,166,RealStaff,2018-11-19 14:12:05.325937,2018-11-19 14:12:05.325937
49,1,1,2018,2,21,118,RealStaff,2018-11-19 14:12:05.363505,2018-11-19 14:12:05.363505
50,1,1,2018,2,22,88,RealStaff,2018-11-19 14:12:05.410067,2018-11-19 14:12:05.410067
51,1,1,2018,2,23,38,RealStaff,2018-11-19 14:12:05.440483,2018-11-19 14:12:05.440483
52,1,1,2018,2,24,170,RealStaff,2018-11-19 14:12:05.468718,2018-11-19 14:12:05.468718
53,1,1,2018,2,25,69,RealStaff,2018-11-19 14:12:05.492019,2018-11-19 14:12:05.492019
54,1,1,2018,2,26,141,RealStaff,2018-11-19 14:12:05.529243,2018-11-19 14:12:05.529243
55,1,1,2018,2,27,171,RealStaff,2018-11-19 14:12:05.567575,2018-11-19 14:12:05.567575
56,1,1,2018,2,28,142,RealStaff,2018-11-19 14:12:05.604945,2018-11-19 14:12:05.604945
57,1,1,2018,3,1,78,RealStaff,2018-11-19 14:12:05.633924,2018-11-19 14:12:05.633924
58,1,1,2018,3,2,109,RealStaff,2018-11-19 14:12:05.654704,2018-11-19 14:12:05.654704
59,1,1,2018,3,3,145,RealStaff,2018-11-19 14:12:05.687285,2018-11-19 14:12:05.687285
60,1,1,2018,3,4,148,RealStaff,2018-11-19 14:12:05.720534,2018-11-19 14:12:05.720534
61,1,1,2018,3,5,145,RealStaff,2018-11-19 14:12:05.74705,2018-11-19 14:12:05.74705
62,1,1,2018,3,6,76,RealStaff,2018-11-19 14:12:05.795482,2018-11-19 14:12:05.795482
63,1,1,2018,3,7,79,RealStaff,2018-11-19 14:12:05.840419,2018-11-19 14:12:05.840419
64,1,1,2018,3,8,113,RealStaff,2018-11-19 14:12:05.893121,2018-11-19 14:12:05.893121
65,1,1,2018,3,9,131,RealStaff,2018-11-19 14:12:05.950652,2018-11-19 14:12:05.950652
66,1,1,2018,3,10,34,RealStaff,2018-11-19 14:12:05.980651,2018-11-19 14:12:05.980651
67,1,1,2018,3,11,117,RealStaff,2018-11-19 14:12:06.012123,2018-11-19 14:12:06.012123
68,1,1,2018,3,12,127,RealStaff,2018-11-19 14:12:06.037785,2018-11-19 14:12:06.037785
69,1,1,2018,3,13,155,RealStaff,2018-11-19 14:12:06.053983,2018-11-19 14:12:06.053983
70,1,1,2018,3,14,128,RealStaff,2018-11-19 14:12:06.073832,2018-11-19 14:12:06.073832
71,1,1,2018,3,15,138,RealStaff,2018-11-19 14:12:06.092703,2018-11-19 14:12:06.092703
72,1,1,2018,3,16,68,RealStaff,2018-11-19 14:12:06.117143,2018-11-19 14:12:06.117143
73,1,1,2018,3,17,154,RealStaff,2018-11-19 14:12:06.139262,2018-11-19 14:12:06.139262
74,1,1,2018,3,18,99,RealStaff,2018-11-19 14:12:06.169949,2018-11-19 14:12:06.169949
75,1,1,2018,3,19,99,RealStaff,2018-11-19 14:12:06.204165,2018-11-19 14:12:06.204165
76,1,1,2018,3,20,157,RealStaff,2018-11-19 14:12:06.238663,2018-11-19 14:12:06.238663
77,1,1,2018,3,21,112,RealStaff,2018-11-19 14:12:06.283367,2018-11-19 14:12:06.283367
78,1,1,2018,3,22,82,RealStaff,2018-11-19 14:12:06.333187,2018-11-19 14:12:06.333187
79,1,1,2018,3,23,32,RealStaff,2018-11-19 14:12:06.408654,2018-11-19 14:12:06.408654
80,1,1,2018,3,24,154,RealStaff,2018-11-19 14:12:06.457155,2018-11-19 14:12:06.457155
81,1,1,2018,3,25,63,RealStaff,2018-11-19 14:12:06.514022,2018-11-19 14:12:06.514022
82,1,1,2018,3,26,127,RealStaff,2018-11-19 14:12:06.551299,2018-11-19 14:12:06.551299
83,1,1,2018,3,27,162,RealStaff,2018-11-19 14:12:06.574112,2018-11-19 14:12:06.574112
84,1,1,2018,3,28,128,RealStaff,2018-11-19 14:12:06.598287,2018-11-19 14:12:06.598287
85,1,1,2018,3,29,78,RealStaff,2018-11-19 14:12:06.627669,2018-11-19 14:12:06.627669
86,1,1,2018,3,30,109,RealStaff,2018-11-19 14:12:06.650096,2018-11-19 14:12:06.650096
87,1,1,2018,3,31,145,RealStaff,2018-11-19 14:12:06.680893,2018-11-19 14:12:06.680893
88,1,1,2018,3,32,148,RealStaff,2018-11-19 14:12:06.709178,2018-11-19 14:12:06.709178
89,1,1,2018,3,33,145,RealStaff,2018-11-19 14:12:06.742226,2018-11-19 14:12:06.742226
90,1,1,2018,3,34,76,RealStaff,2018-11-19 14:12:06.781064,2018-11-19 14:12:06.781064
91,1,1,2018,3,35,79,RealStaff,2018-11-19 14:12:06.801481,2018-11-19 14:12:06.801481
92,1,1,2018,4,1,78,RealStaff,2018-11-19 14:12:06.858532,2018-11-19 14:12:06.858532
93,1,1,2018,4,2,109,RealStaff,2018-11-19 14:12:06.915339,2018-11-19 14:12:06.915339
94,1,1,2018,4,3,145,RealStaff,2018-11-19 14:12:06.975897,2018-11-19 14:12:06.975897
95,1,1,2018,4,4,148,RealStaff,2018-11-19 14:12:07.039344,2018-11-19 14:12:07.039344
96,1,1,2018,4,5,145,RealStaff,2018-11-19 14:12:07.075175,2018-11-19 14:12:07.075175
97,1,1,2018,4,6,76,RealStaff,2018-11-19 14:12:07.131573,2018-11-19 14:12:07.131573
98,1,1,2018,4,7,79,RealStaff,2018-11-19 14:12:07.172816,2018-11-19 14:12:07.172816
99,1,1,2018,4,8,113,RealStaff,2018-11-19 14:12:07.207319,2018-11-19 14:12:07.207319
100,1,1,2018,4,9,131,RealStaff,2018-11-19 14:12:07.258916,2018-11-19 14:12:07.258916
101,1,1,2018,4,10,34,RealStaff,2018-11-19 14:12:07.296097,2018-11-19 14:12:07.296097
102,1,1,2018,4,11,117,RealStaff,2018-11-19 14:12:07.333026,2018-11-19 14:12:07.333026
103,1,1,2018,4,12,127,RealStaff,2018-11-19 14:12:07.396908,2018-11-19 14:12:07.396908
104,1,1,2018,4,13,155,RealStaff,2018-11-19 14:12:07.421671,2018-11-19 14:12:07.421671
105,1,1,2018,4,14,128,RealStaff,2018-11-19 14:12:07.448739,2018-11-19 14:12:07.448739
106,1,1,2018,4,15,138,RealStaff,2018-11-19 14:12:07.489439,2018-11-19 14:12:07.489439
107,1,1,2018,4,16,68,RealStaff,2018-11-19 14:12:07.507401,2018-11-19 14:12:07.507401
108,1,1,2018,4,17,154,RealStaff,2018-11-19 14:12:07.556598,2018-11-19 14:12:07.556598
109,1,1,2018,4,18,99,RealStaff,2018-11-19 14:12:07.591209,2018-11-19 14:12:07.591209
110,1,1,2018,4,19,99,RealStaff,2018-11-19 14:12:07.645724,2018-11-19 14:12:07.645724
111,1,1,2018,4,20,157,RealStaff,2018-11-19 14:12:07.683945,2018-11-19 14:12:07.683945
112,1,1,2018,4,21,112,RealStaff,2018-11-19 14:12:07.719869,2018-11-19 14:12:07.719869
113,1,1,2018,4,22,82,RealStaff,2018-11-19 14:12:07.748608,2018-11-19 14:12:07.748608
114,1,1,2018,4,23,32,RealStaff,2018-11-19 14:12:07.778133,2018-11-19 14:12:07.778133
115,1,1,2018,4,24,154,RealStaff,2018-11-19 14:12:07.796754,2018-11-19 14:12:07.796754
116,1,1,2018,4,25,63,RealStaff,2018-11-19 14:12:07.830077,2018-11-19 14:12:07.830077
117,1,1,2018,4,26,127,RealStaff,2018-11-19 14:12:07.861848,2018-11-19 14:12:07.861848
118,1,1,2018,4,27,162,RealStaff,2018-11-19 14:12:07.895243,2018-11-19 14:12:07.895243
119,1,1,2018,4,28,128,RealStaff,2018-11-19 14:12:07.930189,2018-11-19 14:12:07.930189
120,1,1,2018,5,1,78,RealStaff,2018-11-19 14:12:07.969054,2018-11-19 14:12:07.969054
121,1,1,2018,5,2,109,RealStaff,2018-11-19 14:12:07.997424,2018-11-19 14:12:07.997424
122,1,1,2018,5,3,145,RealStaff,2018-11-19 14:12:08.015846,2018-11-19 14:12:08.015846
123,1,1,2018,5,4,148,RealStaff,2018-11-19 14:12:08.066502,2018-11-19 14:12:08.066502
124,1,1,2018,5,5,145,RealStaff,2018-11-19 14:12:08.098299,2018-11-19 14:12:08.098299
125,1,1,2018,5,6,76,RealStaff,2018-11-19 14:12:08.13124,2018-11-19 14:12:08.13124
126,1,1,2018,5,7,79,RealStaff,2018-11-19 14:12:08.163384,2018-11-19 14:12:08.163384
127,1,1,2018,5,8,113,RealStaff,2018-11-19 14:12:08.174857,2018-11-19 14:12:08.174857
128,1,1,2018,5,9,131,RealStaff,2018-11-19 14:12:08.196892,2018-11-19 14:12:08.196892
129,1,1,2018,5,10,34,RealStaff,2018-11-19 14:12:08.228246,2018-11-19 14:12:08.228246
130,1,1,2018,5,11,117,RealStaff,2018-11-19 14:12:08.269073,2018-11-19 14:12:08.269073
131,1,1,2018,5,12,127,RealStaff,2018-11-19 14:12:08.305168,2018-11-19 14:12:08.305168
132,1,1,2018,5,13,155,RealStaff,2018-11-19 14:12:08.353695,2018-11-19 14:12:08.353695
133,1,1,2018,5,14,128,RealStaff,2018-11-19 14:12:08.368652,2018-11-19 14:12:08.368652
134,1,1,2018,5,15,138,RealStaff,2018-11-19 14:12:08.383944,2018-11-19 14:12:08.383944
135,1,1,2018,5,16,68,RealStaff,2018-11-19 14:12:08.415408,2018-11-19 14:12:08.415408
136,1,1,2018,5,17,154,RealStaff,2018-11-19 14:12:08.449404,2018-11-19 14:12:08.449404
137,1,1,2018,5,18,99,RealStaff,2018-11-19 14:12:08.481191,2018-11-19 14:12:08.481191
138,1,1,2018,5,19,99,RealStaff,2018-11-19 14:12:08.522644,2018-11-19 14:12:08.522644
139,1,1,2018,5,20,157,RealStaff,2018-11-19 14:12:08.543741,2018-11-19 14:12:08.543741
140,1,1,2018,5,21,112,RealStaff,2018-11-19 14:12:08.573796,2018-11-19 14:12:08.573796
141,1,1,2018,5,22,82,RealStaff,2018-11-19 14:12:08.61748,2018-11-19 14:12:08.61748
142,1,1,2018,5,23,32,RealStaff,2018-11-19 14:12:08.639214,2018-11-19 14:12:08.639214
143,1,1,2018,5,24,154,RealStaff,2018-11-19 14:12:08.699948,2018-11-19 14:12:08.699948
144,1,1,2018,5,25,63,RealStaff,2018-11-19 14:12:08.751774,2018-11-19 14:12:08.751774
145,1,1,2018,5,26,127,RealStaff,2018-11-19 14:12:08.799065,2018-11-19 14:12:08.799065
146,1,1,2018,5,27,162,RealStaff,2018-11-19 14:12:08.819629,2018-11-19 14:12:08.819629
147,1,1,2018,5,28,128,RealStaff,2018-11-19 14:12:08.839059,2018-11-19 14:12:08.839059
148,1,1,2018,6,1,34,RealStaff,2018-11-19 14:12:08.864304,2018-11-19 14:12:08.864304
149,1,1,2018,6,2,41,RealStaff,2018-11-19 14:12:08.897998,2018-11-19 14:12:08.897998
150,1,1,2018,6,3,62,RealStaff,2018-11-19 14:12:08.933851,2018-11-19 14:12:08.933851
151,1,1,2018,6,4,62,RealStaff,2018-11-19 14:12:08.981744,2018-11-19 14:12:08.981744
152,1,1,2018,6,5,62,RealStaff,2018-11-19 14:12:09.012393,2018-11-19 14:12:09.012393
153,1,1,2018,6,6,77,RealStaff,2018-11-19 14:12:09.050379,2018-11-19 14:12:09.050379
154,1,1,2018,6,7,55,RealStaff,2018-11-19 14:12:09.086068,2018-11-19 14:12:09.086068
155,1,1,2018,6,8,48,RealStaff,2018-11-19 14:12:09.116207,2018-11-19 14:12:09.116207
156,1,1,2018,6,9,62,RealStaff,2018-11-19 14:12:09.158053,2018-11-19 14:12:09.158053
157,1,1,2018,6,10,18,RealStaff,2018-11-19 14:12:09.204052,2018-11-19 14:12:09.204052
158,1,1,2018,6,11,63,RealStaff,2018-11-19 14:12:09.263777,2018-11-19 14:12:09.263777
159,1,1,2018,6,12,62,RealStaff,2018-11-19 14:12:09.302536,2018-11-19 14:12:09.302536
160,1,1,2018,6,13,89,RealStaff,2018-11-19 14:12:09.325199,2018-11-19 14:12:09.325199
161,1,1,2018,6,14,40,RealStaff,2018-11-19 14:12:09.371463,2018-11-19 14:12:09.371463
162,1,1,2018,6,15,57,RealStaff,2018-11-19 14:12:09.404473,2018-11-19 14:12:09.404473
163,1,1,2018,6,16,54,RealStaff,2018-11-19 14:12:09.449351,2018-11-19 14:12:09.449351
164,1,1,2018,6,17,65,RealStaff,2018-11-19 14:12:09.487943,2018-11-19 14:12:09.487943
165,1,1,2018,6,18,33,RealStaff,2018-11-19 14:12:09.519194,2018-11-19 14:12:09.519194
166,1,1,2018,6,19,29,RealStaff,2018-11-19 14:12:09.546479,2018-11-19 14:12:09.546479
167,1,1,2018,6,20,83,RealStaff,2018-11-19 14:12:09.572549,2018-11-19 14:12:09.572549
168,1,1,2018,6,21,68,RealStaff,2018-11-19 14:12:09.598793,2018-11-19 14:12:09.598793
169,1,1,2018,6,22,53,RealStaff,2018-11-19 14:12:09.625546,2018-11-19 14:12:09.625546
170,1,1,2018,6,23,25,RealStaff,2018-11-19 14:12:09.666794,2018-11-19 14:12:09.666794
171,1,1,2018,6,24,58,RealStaff,2018-11-19 14:12:09.691807,2018-11-19 14:12:09.691807
172,1,1,2018,6,25,53,RealStaff,2018-11-19 14:12:09.72362,2018-11-19 14:12:09.72362
173,1,1,2018,6,26,61,RealStaff,2018-11-19 14:12:09.748532,2018-11-19 14:12:09.748532
174,1,1,2018,6,27,89,RealStaff,2018-11-19 14:12:09.769141,2018-11-19 14:12:09.769141
175,1,1,2018,6,28,40,RealStaff,2018-11-19 14:12:09.787665,2018-11-19 14:12:09.787665
176,2,1,2018,1,1,78,RealStaff,2018-11-19 14:12:09.81779,2018-11-19 14:12:09.81779
177,2,1,2018,1,2,109,RealStaff,2018-11-19 14:12:09.855309,2018-11-19 14:12:09.855309
178,2,1,2018,1,3,145,RealStaff,2018-11-19 14:12:09.888556,2018-11-19 14:12:09.888556
179,2,1,2018,1,4,148,RealStaff,2018-11-19 14:12:09.927094,2018-11-19 14:12:09.927094
180,2,1,2018,1,5,145,RealStaff,2018-11-19 14:12:09.950444,2018-11-19 14:12:09.950444
181,2,1,2018,1,6,76,RealStaff,2018-11-19 14:12:09.983921,2018-11-19 14:12:09.983921
182,2,1,2018,1,7,79,RealStaff,2018-11-19 14:12:10.010516,2018-11-19 14:12:10.010516
183,2,1,2018,1,8,113,RealStaff,2018-11-19 14:12:10.049341,2018-11-19 14:12:10.049341
184,2,1,2018,1,9,131,RealStaff,2018-11-19 14:12:10.085156,2018-11-19 14:12:10.085156
185,2,1,2018,1,10,34,RealStaff,2018-11-19 14:12:10.113805,2018-11-19 14:12:10.113805
186,2,1,2018,1,11,117,RealStaff,2018-11-19 14:12:10.152789,2018-11-19 14:12:10.152789
187,2,1,2018,1,12,127,RealStaff,2018-11-19 14:12:10.198377,2018-11-19 14:12:10.198377
188,2,1,2018,1,13,155,RealStaff,2018-11-19 14:12:10.233518,2018-11-19 14:12:10.233518
189,2,1,2018,1,14,128,RealStaff,2018-11-19 14:12:10.273841,2018-11-19 14:12:10.273841
190,2,1,2018,1,15,138,RealStaff,2018-11-19 14:12:10.306206,2018-11-19 14:12:10.306206
191,2,1,2018,1,16,68,RealStaff,2018-11-19 14:12:10.341898,2018-11-19 14:12:10.341898
192,2,1,2018,1,17,154,RealStaff,2018-11-19 14:12:10.386842,2018-11-19 14:12:10.386842
193,2,1,2018,1,18,99,RealStaff,2018-11-19 14:12:10.417533,2018-11-19 14:12:10.417533
194,2,1,2018,1,19,99,RealStaff,2018-11-19 14:12:10.434422,2018-11-19 14:12:10.434422
195,2,1,2018,1,20,157,RealStaff,2018-11-19 14:12:10.458512,2018-11-19 14:12:10.458512
196,2,1,2018,1,21,112,RealStaff,2018-11-19 14:12:10.49537,2018-11-19 14:12:10.49537
197,2,1,2018,1,22,82,RealStaff,2018-11-19 14:12:10.539666,2018-11-19 14:12:10.539666
198,2,1,2018,1,23,32,RealStaff,2018-11-19 14:12:10.603077,2018-11-19 14:12:10.603077
199,2,1,2018,1,24,154,RealStaff,2018-11-19 14:12:10.634703,2018-11-19 14:12:10.634703
200,2,1,2018,1,25,63,RealStaff,2018-11-19 14:12:10.668808,2018-11-19 14:12:10.668808
201,2,1,2018,1,26,127,RealStaff,2018-11-19 14:12:10.703509,2018-11-19 14:12:10.703509
202,2,1,2018,1,27,162,RealStaff,2018-11-19 14:12:10.733505,2018-11-19 14:12:10.733505
203,2,1,2018,1,28,128,RealStaff,2018-11-19 14:12:10.760112,2018-11-19 14:12:10.760112
204,2,1,2018,2,1,90,RealStaff,2018-11-19 14:12:10.791785,2018-11-19 14:12:10.791785
205,2,1,2018,2,2,125,RealStaff,2018-11-19 14:12:10.854597,2018-11-19 14:12:10.854597
206,2,1,2018,2,3,160,RealStaff,2018-11-19 14:12:10.896434,2018-11-19 14:12:10.896434
207,2,1,2018,2,4,164,RealStaff,2018-11-19 14:12:10.955373,2018-11-19 14:12:10.955373
208,2,1,2018,2,5,161,RealStaff,2018-11-19 14:12:11.021904,2018-11-19 14:12:11.021904
209,2,1,2018,2,6,76,RealStaff,2018-11-19 14:12:11.035745,2018-11-19 14:12:11.035745
210,2,1,2018,2,7,85,RealStaff,2018-11-19 14:12:11.053808,2018-11-19 14:12:11.053808
211,2,1,2018,2,8,126,RealStaff,2018-11-19 14:12:11.086819,2018-11-19 14:12:11.086819
212,2,1,2018,2,9,144,RealStaff,2018-11-19 14:12:11.104654,2018-11-19 14:12:11.104654
213,2,1,2018,2,10,40,RealStaff,2018-11-19 14:12:11.12403,2018-11-19 14:12:11.12403
214,2,1,2018,2,11,130,RealStaff,2018-11-19 14:12:11.143688,2018-11-19 14:12:11.143688
215,2,1,2018,2,12,141,RealStaff,2018-11-19 14:12:11.163519,2018-11-19 14:12:11.163519
216,2,1,2018,2,13,163,RealStaff,2018-11-19 14:12:11.189328,2018-11-19 14:12:11.189328
217,2,1,2018,2,14,142,RealStaff,2018-11-19 14:12:11.203842,2018-11-19 14:12:11.203842
218,2,1,2018,2,15,154,RealStaff,2018-11-19 14:12:11.225236,2018-11-19 14:12:11.225236
219,2,1,2018,2,16,74,RealStaff,2018-11-19 14:12:11.244285,2018-11-19 14:12:11.244285
220,2,1,2018,2,17,170,RealStaff,2018-11-19 14:12:11.268695,2018-11-19 14:12:11.268695
221,2,1,2018,2,18,114,RealStaff,2018-11-19 14:12:11.313587,2018-11-19 14:12:11.313587
222,2,1,2018,2,19,114,RealStaff,2018-11-19 14:12:11.345343,2018-11-19 14:12:11.345343
223,2,1,2018,2,20,166,RealStaff,2018-11-19 14:12:11.356014,2018-11-19 14:12:11.356014
224,2,1,2018,2,21,118,RealStaff,2018-11-19 14:12:11.379002,2018-11-19 14:12:11.379002
225,2,1,2018,2,22,88,RealStaff,2018-11-19 14:12:11.419811,2018-11-19 14:12:11.419811
226,2,1,2018,2,23,38,RealStaff,2018-11-19 14:12:11.492769,2018-11-19 14:12:11.492769
227,2,1,2018,2,24,170,RealStaff,2018-11-19 14:12:11.563057,2018-11-19 14:12:11.563057
228,2,1,2018,2,25,69,RealStaff,2018-11-19 14:12:11.589697,2018-11-19 14:12:11.589697
229,2,1,2018,2,26,141,RealStaff,2018-11-19 14:12:11.64786,2018-11-19 14:12:11.64786
230,2,1,2018,2,27,171,RealStaff,2018-11-19 14:12:11.714278,2018-11-19 14:12:11.714278
231,2,1,2018,2,28,142,RealStaff,2018-11-19 14:12:11.764581,2018-11-19 14:12:11.764581
232,2,1,2018,3,1,78,RealStaff,2018-11-19 14:12:11.824455,2018-11-19 14:12:11.824455
233,2,1,2018,3,2,109,RealStaff,2018-11-19 14:12:11.856579,2018-11-19 14:12:11.856579
234,2,1,2018,3,3,145,RealStaff,2018-11-19 14:12:11.880199,2018-11-19 14:12:11.880199
235,2,1,2018,3,4,148,RealStaff,2018-11-19 14:12:11.914735,2018-11-19 14:12:11.914735
236,2,1,2018,3,5,145,RealStaff,2018-11-19 14:12:11.93821,2018-11-19 14:12:11.93821
237,2,1,2018,3,6,76,RealStaff,2018-11-19 14:12:11.964432,2018-11-19 14:12:11.964432
238,2,1,2018,3,7,79,RealStaff,2018-11-19 14:12:11.983956,2018-11-19 14:12:11.983956
239,2,1,2018,3,8,113,RealStaff,2018-11-19 14:12:12.015193,2018-11-19 14:12:12.015193
240,2,1,2018,3,9,131,RealStaff,2018-11-19 14:12:12.05086,2018-11-19 14:12:12.05086
241,2,1,2018,3,10,34,RealStaff,2018-11-19 14:12:12.0888,2018-11-19 14:12:12.0888
242,2,1,2018,3,11,117,RealStaff,2018-11-19 14:12:12.138592,2018-11-19 14:12:12.138592
243,2,1,2018,3,12,127,RealStaff,2018-11-19 14:12:12.184135,2018-11-19 14:12:12.184135
244,2,1,2018,3,13,155,RealStaff,2018-11-19 14:12:12.200951,2018-11-19 14:12:12.200951
245,2,1,2018,3,14,128,RealStaff,2018-11-19 14:12:12.232787,2018-11-19 14:12:12.232787
246,2,1,2018,3,15,138,RealStaff,2018-11-19 14:12:12.271339,2018-11-19 14:12:12.271339
247,2,1,2018,3,16,68,RealStaff,2018-11-19 14:12:12.321202,2018-11-19 14:12:12.321202
248,2,1,2018,3,17,154,RealStaff,2018-11-19 14:12:12.372225,2018-11-19 14:12:12.372225
249,2,1,2018,3,18,99,RealStaff,2018-11-19 14:12:12.410104,2018-11-19 14:12:12.410104
250,2,1,2018,3,19,99,RealStaff,2018-11-19 14:12:12.434503,2018-11-19 14:12:12.434503
251,2,1,2018,3,20,157,RealStaff,2018-11-19 14:12:12.462831,2018-11-19 14:12:12.462831
252,2,1,2018,3,21,112,RealStaff,2018-11-19 14:12:12.483264,2018-11-19 14:12:12.483264
253,2,1,2018,3,22,82,RealStaff,2018-11-19 14:12:12.505448,2018-11-19 14:12:12.505448
254,2,1,2018,3,23,32,RealStaff,2018-11-19 14:12:12.547187,2018-11-19 14:12:12.547187
255,2,1,2018,3,24,154,RealStaff,2018-11-19 14:12:12.572313,2018-11-19 14:12:12.572313
256,2,1,2018,3,25,63,RealStaff,2018-11-19 14:12:12.604508,2018-11-19 14:12:12.604508
257,2,1,2018,3,26,127,RealStaff,2018-11-19 14:12:12.653148,2018-11-19 14:12:12.653148
258,2,1,2018,3,27,162,RealStaff,2018-11-19 14:12:12.688832,2018-11-19 14:12:12.688832
259,2,1,2018,3,28,128,RealStaff,2018-11-19 14:12:12.718207,2018-11-19 14:12:12.718207
260,2,1,2018,3,29,78,RealStaff,2018-11-19 14:12:12.736597,2018-11-19 14:12:12.736597
261,2,1,2018,3,30,109,RealStaff,2018-11-19 14:12:12.77518,2018-11-19 14:12:12.77518
262,2,1,2018,3,31,145,RealStaff,2018-11-19 14:12:12.905567,2018-11-19 14:12:12.905567
263,2,1,2018,3,32,148,RealStaff,2018-11-19 14:12:12.949248,2018-11-19 14:12:12.949248
264,2,1,2018,3,33,145,RealStaff,2018-11-19 14:12:12.980188,2018-11-19 14:12:12.980188
265,2,1,2018,3,34,76,RealStaff,2018-11-19 14:12:13.021385,2018-11-19 14:12:13.021385
266,2,1,2018,3,35,79,RealStaff,2018-11-19 14:12:13.065107,2018-11-19 14:12:13.065107
267,2,1,2018,4,1,78,RealStaff,2018-11-19 14:12:13.099077,2018-11-19 14:12:13.099077
268,2,1,2018,4,2,109,RealStaff,2018-11-19 14:12:13.134793,2018-11-19 14:12:13.134793
269,2,1,2018,4,3,145,RealStaff,2018-11-19 14:12:13.153668,2018-11-19 14:12:13.153668
270,2,1,2018,4,4,148,RealStaff,2018-11-19 14:12:13.187174,2018-11-19 14:12:13.187174
271,2,1,2018,4,5,145,RealStaff,2018-11-19 14:12:13.21576,2018-11-19 14:12:13.21576
272,2,1,2018,4,6,76,RealStaff,2018-11-19 14:12:13.251763,2018-11-19 14:12:13.251763
273,2,1,2018,4,7,79,RealStaff,2018-11-19 14:12:13.270029,2018-11-19 14:12:13.270029
274,2,1,2018,4,8,113,RealStaff,2018-11-19 14:12:13.300776,2018-11-19 14:12:13.300776
275,2,1,2018,4,9,131,RealStaff,2018-11-19 14:12:13.327514,2018-11-19 14:12:13.327514
276,2,1,2018,4,10,34,RealStaff,2018-11-19 14:12:13.368075,2018-11-19 14:12:13.368075
277,2,1,2018,4,11,117,RealStaff,2018-11-19 14:12:13.400447,2018-11-19 14:12:13.400447
278,2,1,2018,4,12,127,RealStaff,2018-11-19 14:12:13.432823,2018-11-19 14:12:13.432823
279,2,1,2018,4,13,155,RealStaff,2018-11-19 14:12:13.450006,2018-11-19 14:12:13.450006
280,2,1,2018,4,14,128,RealStaff,2018-11-19 14:12:13.471529,2018-11-19 14:12:13.471529
281,2,1,2018,4,15,138,RealStaff,2018-11-19 14:12:13.508965,2018-11-19 14:12:13.508965
282,2,1,2018,4,16,68,RealStaff,2018-11-19 14:12:13.544145,2018-11-19 14:12:13.544145
283,2,1,2018,4,17,154,RealStaff,2018-11-19 14:12:13.576452,2018-11-19 14:12:13.576452
284,2,1,2018,4,18,99,RealStaff,2018-11-19 14:12:13.601861,2018-11-19 14:12:13.601861
285,2,1,2018,4,19,99,RealStaff,2018-11-19 14:12:13.618987,2018-11-19 14:12:13.618987
286,2,1,2018,4,20,157,RealStaff,2018-11-19 14:12:13.651724,2018-11-19 14:12:13.651724
287,2,1,2018,4,21,112,RealStaff,2018-11-19 14:12:13.693769,2018-11-19 14:12:13.693769
288,2,1,2018,4,22,82,RealStaff,2018-11-19 14:12:13.72877,2018-11-19 14:12:13.72877
289,2,1,2018,4,23,32,RealStaff,2018-11-19 14:12:13.763196,2018-11-19 14:12:13.763196
290,2,1,2018,4,24,154,RealStaff,2018-11-19 14:12:13.796123,2018-11-19 14:12:13.796123
291,2,1,2018,4,25,63,RealStaff,2018-11-19 14:12:13.827655,2018-11-19 14:12:13.827655
292,2,1,2018,4,26,127,RealStaff,2018-11-19 14:12:13.848269,2018-11-19 14:12:13.848269
293,2,1,2018,4,27,162,RealStaff,2018-11-19 14:12:13.898472,2018-11-19 14:12:13.898472
294,2,1,2018,4,28,128,RealStaff,2018-11-19 14:12:13.931942,2018-11-19 14:12:13.931942
295,2,1,2018,5,1,78,RealStaff,2018-11-19 14:12:13.959628,2018-11-19 14:12:13.959628
296,2,1,2018,5,2,109,RealStaff,2018-11-19 14:12:14.000388,2018-11-19 14:12:14.000388
297,2,1,2018,5,3,145,RealStaff,2018-11-19 14:12:14.045871,2018-11-19 14:12:14.045871
298,2,1,2018,5,4,148,RealStaff,2018-11-19 14:12:14.078119,2018-11-19 14:12:14.078119
299,2,1,2018,5,5,145,RealStaff,2018-11-19 14:12:14.111081,2018-11-19 14:12:14.111081
300,2,1,2018,5,6,76,RealStaff,2018-11-19 14:12:14.136796,2018-11-19 14:12:14.136796
301,2,1,2018,5,7,79,RealStaff,2018-11-19 14:12:14.154534,2018-11-19 14:12:14.154534
302,2,1,2018,5,8,113,RealStaff,2018-11-19 14:12:14.188514,2018-11-19 14:12:14.188514
303,2,1,2018,5,9,131,RealStaff,2018-11-19 14:12:14.220818,2018-11-19 14:12:14.220818
304,2,1,2018,5,10,34,RealStaff,2018-11-19 14:12:14.250769,2018-11-19 14:12:14.250769
305,2,1,2018,5,11,117,RealStaff,2018-11-19 14:12:14.267289,2018-11-19 14:12:14.267289
306,2,1,2018,5,12,127,RealStaff,2018-11-19 14:12:14.302723,2018-11-19 14:12:14.302723
307,2,1,2018,5,13,155,RealStaff,2018-11-19 14:12:14.351062,2018-11-19 14:12:14.351062
308,2,1,2018,5,14,128,RealStaff,2018-11-19 14:12:14.39507,2018-11-19 14:12:14.39507
309,2,1,2018,5,15,138,RealStaff,2018-11-19 14:12:14.420419,2018-11-19 14:12:14.420419
310,2,1,2018,5,16,68,RealStaff,2018-11-19 14:12:14.466141,2018-11-19 14:12:14.466141
311,2,1,2018,5,17,154,RealStaff,2018-11-19 14:12:14.494294,2018-11-19 14:12:14.494294
312,2,1,2018,5,18,99,RealStaff,2018-11-19 14:12:14.520811,2018-11-19 14:12:14.520811
313,2,1,2018,5,19,99,RealStaff,2018-11-19 14:12:14.534128,2018-11-19 14:12:14.534128
314,2,1,2018,5,20,157,RealStaff,2018-11-19 14:12:14.565878,2018-11-19 14:12:14.565878
315,2,1,2018,5,21,112,RealStaff,2018-11-19 14:12:14.591861,2018-11-19 14:12:14.591861
316,2,1,2018,5,22,82,RealStaff,2018-11-19 14:12:14.63774,2018-11-19 14:12:14.63774
317,2,1,2018,5,23,32,RealStaff,2018-11-19 14:12:14.680943,2018-11-19 14:12:14.680943
318,2,1,2018,5,24,154,RealStaff,2018-11-19 14:12:14.73434,2018-11-19 14:12:14.73434
319,2,1,2018,5,25,63,RealStaff,2018-11-19 14:12:14.780307,2018-11-19 14:12:14.780307
320,2,1,2018,5,26,127,RealStaff,2018-11-19 14:12:14.816674,2018-11-19 14:12:14.816674
321,2,1,2018,5,27,162,RealStaff,2018-11-19 14:12:14.839038,2018-11-19 14:12:14.839038
322,2,1,2018,5,28,128,RealStaff,2018-11-19 14:12:14.905369,2018-11-19 14:12:14.905369
323,2,1,2018,6,1,34,RealStaff,2018-11-19 14:12:14.947045,2018-11-19 14:12:14.947045
324,2,1,2018,6,2,41,RealStaff,2018-11-19 14:12:14.970906,2018-11-19 14:12:14.970906
325,2,1,2018,6,3,62,RealStaff,2018-11-19 14:12:15.000587,2018-11-19 14:12:15.000587
326,2,1,2018,6,4,62,RealStaff,2018-11-19 14:12:15.038349,2018-11-19 14:12:15.038349
327,2,1,2018,6,5,62,RealStaff,2018-11-19 14:12:15.085596,2018-11-19 14:12:15.085596
328,2,1,2018,6,6,77,RealStaff,2018-11-19 14:12:15.135021,2018-11-19 14:12:15.135021
329,2,1,2018,6,7,55,RealStaff,2018-11-19 14:12:15.171302,2018-11-19 14:12:15.171302
330,2,1,2018,6,8,48,RealStaff,2018-11-19 14:12:15.204958,2018-11-19 14:12:15.204958
331,2,1,2018,6,9,62,RealStaff,2018-11-19 14:12:15.250934,2018-11-19 14:12:15.250934
332,2,1,2018,6,10,18,RealStaff,2018-11-19 14:12:15.298461,2018-11-19 14:12:15.298461
333,2,1,2018,6,11,63,RealStaff,2018-11-19 14:12:15.338036,2018-11-19 14:12:15.338036
334,2,1,2018,6,12,62,RealStaff,2018-11-19 14:12:15.353841,2018-11-19 14:12:15.353841
335,2,1,2018,6,13,89,RealStaff,2018-11-19 14:12:15.388381,2018-11-19 14:12:15.388381
336,2,1,2018,6,14,40,RealStaff,2018-11-19 14:12:15.404119,2018-11-19 14:12:15.404119
337,2,1,2018,6,15,57,RealStaff,2018-11-19 14:12:15.438327,2018-11-19 14:12:15.438327
338,2,1,2018,6,16,54,RealStaff,2018-11-19 14:12:15.487371,2018-11-19 14:12:15.487371
339,2,1,2018,6,17,65,RealStaff,2018-11-19 14:12:15.513438,2018-11-19 14:12:15.513438
340,2,1,2018,6,18,33,RealStaff,2018-11-19 14:12:15.552726,2018-11-19 14:12:15.552726
341,2,1,2018,6,19,29,RealStaff,2018-11-19 14:12:15.597,2018-11-19 14:12:15.597
342,2,1,2018,6,20,83,RealStaff,2018-11-19 14:12:15.617442,2018-11-19 14:12:15.617442
343,2,1,2018,6,21,68,RealStaff,2018-11-19 14:12:15.641776,2018-11-19 14:12:15.641776
344,2,1,2018,6,22,53,RealStaff,2018-11-19 14:12:15.667929,2018-11-19 14:12:15.667929
345,2,1,2018,6,23,25,RealStaff,2018-11-19 14:12:15.690891,2018-11-19 14:12:15.690891
346,2,1,2018,6,24,58,RealStaff,2018-11-19 14:12:15.718623,2018-11-19 14:12:15.718623
347,2,1,2018,6,25,53,RealStaff,2018-11-19 14:12:15.744509,2018-11-19 14:12:15.744509
348,2,1,2018,6,26,61,RealStaff,2018-11-19 14:12:15.787611,2018-11-19 14:12:15.787611
349,2,1,2018,6,27,89,RealStaff,2018-11-19 14:12:15.837791,2018-11-19 14:12:15.837791
350,2,1,2018,6,28,40,RealStaff,2018-11-19 14:12:15.870723,2018-11-19 14:12:15.870723
351,1,2,2018,1,1,78,RealStaff,2018-11-19 14:12:15.887868,2018-11-19 14:12:15.887868
352,1,2,2018,1,2,109,RealStaff,2018-11-19 14:12:15.911555,2018-11-19 14:12:15.911555
353,1,2,2018,1,3,145,RealStaff,2018-11-19 14:12:15.937352,2018-11-19 14:12:15.937352
354,1,2,2018,1,4,148,RealStaff,2018-11-19 14:12:15.967375,2018-11-19 14:12:15.967375
355,1,2,2018,1,5,145,RealStaff,2018-11-19 14:12:15.989227,2018-11-19 14:12:15.989227
356,1,2,2018,1,6,76,RealStaff,2018-11-19 14:12:16.014477,2018-11-19 14:12:16.014477
357,1,2,2018,1,7,79,RealStaff,2018-11-19 14:12:16.046968,2018-11-19 14:12:16.046968
358,1,2,2018,1,8,113,RealStaff,2018-11-19 14:12:16.083077,2018-11-19 14:12:16.083077
359,1,2,2018,1,9,131,RealStaff,2018-11-19 14:12:16.120183,2018-11-19 14:12:16.120183
360,1,2,2018,1,10,34,RealStaff,2018-11-19 14:12:16.155417,2018-11-19 14:12:16.155417
361,1,2,2018,1,11,117,RealStaff,2018-11-19 14:12:16.192052,2018-11-19 14:12:16.192052
362,1,2,2018,1,12,127,RealStaff,2018-11-19 14:12:16.229202,2018-11-19 14:12:16.229202
363,1,2,2018,1,13,155,RealStaff,2018-11-19 14:12:16.252767,2018-11-19 14:12:16.252767
364,1,2,2018,1,14,128,RealStaff,2018-11-19 14:12:16.296454,2018-11-19 14:12:16.296454
365,1,2,2018,1,15,138,RealStaff,2018-11-19 14:12:16.333389,2018-11-19 14:12:16.333389
366,1,2,2018,1,16,68,RealStaff,2018-11-19 14:12:16.354339,2018-11-19 14:12:16.354339
367,1,2,2018,1,17,154,RealStaff,2018-11-19 14:12:16.387555,2018-11-19 14:12:16.387555
368,1,2,2018,1,18,99,RealStaff,2018-11-19 14:12:16.41697,2018-11-19 14:12:16.41697
369,1,2,2018,1,19,99,RealStaff,2018-11-19 14:12:16.446813,2018-11-19 14:12:16.446813
370,1,2,2018,1,20,157,RealStaff,2018-11-19 14:12:16.477527,2018-11-19 14:12:16.477527
371,1,2,2018,1,21,112,RealStaff,2018-11-19 14:12:16.515526,2018-11-19 14:12:16.515526
372,1,2,2018,1,22,82,RealStaff,2018-11-19 14:12:16.546123,2018-11-19 14:12:16.546123
373,1,2,2018,1,23,32,RealStaff,2018-11-19 14:12:16.582769,2018-11-19 14:12:16.582769
374,1,2,2018,1,24,154,RealStaff,2018-11-19 14:12:16.616365,2018-11-19 14:12:16.616365
375,1,2,2018,1,25,63,RealStaff,2018-11-19 14:12:16.667221,2018-11-19 14:12:16.667221
376,1,2,2018,1,26,127,RealStaff,2018-11-19 14:12:16.707906,2018-11-19 14:12:16.707906
377,1,2,2018,1,27,162,RealStaff,2018-11-19 14:12:16.740485,2018-11-19 14:12:16.740485
378,1,2,2018,1,28,128,RealStaff,2018-11-19 14:12:16.773768,2018-11-19 14:12:16.773768
379,1,2,2018,2,1,90,RealStaff,2018-11-19 14:12:16.808802,2018-11-19 14:12:16.808802
380,1,2,2018,2,2,125,RealStaff,2018-11-19 14:12:16.850743,2018-11-19 14:12:16.850743
381,1,2,2018,2,3,160,RealStaff,2018-11-19 14:12:16.909363,2018-11-19 14:12:16.909363
382,1,2,2018,2,4,164,RealStaff,2018-11-19 14:12:16.949959,2018-11-19 14:12:16.949959
383,1,2,2018,2,5,161,RealStaff,2018-11-19 14:12:16.984664,2018-11-19 14:12:16.984664
384,1,2,2018,2,6,76,RealStaff,2018-11-19 14:12:17.015147,2018-11-19 14:12:17.015147
385,1,2,2018,2,7,85,RealStaff,2018-11-19 14:12:17.040102,2018-11-19 14:12:17.040102
386,1,2,2018,2,8,126,RealStaff,2018-11-19 14:12:17.078431,2018-11-19 14:12:17.078431
387,1,2,2018,2,9,144,RealStaff,2018-11-19 14:12:17.103992,2018-11-19 14:12:17.103992
388,1,2,2018,2,10,40,RealStaff,2018-11-19 14:12:17.132241,2018-11-19 14:12:17.132241
389,1,2,2018,2,11,130,RealStaff,2018-11-19 14:12:17.15364,2018-11-19 14:12:17.15364
390,1,2,2018,2,12,141,RealStaff,2018-11-19 14:12:17.18808,2018-11-19 14:12:17.18808
391,1,2,2018,2,13,163,RealStaff,2018-11-19 14:12:17.229436,2018-11-19 14:12:17.229436
392,1,2,2018,2,14,142,RealStaff,2018-11-19 14:12:17.259499,2018-11-19 14:12:17.259499
393,1,2,2018,2,15,154,RealStaff,2018-11-19 14:12:17.300275,2018-11-19 14:12:17.300275
394,1,2,2018,2,16,74,RealStaff,2018-11-19 14:12:17.32939,2018-11-19 14:12:17.32939
395,1,2,2018,2,17,170,RealStaff,2018-11-19 14:12:17.352591,2018-11-19 14:12:17.352591
396,1,2,2018,2,18,114,RealStaff,2018-11-19 14:12:17.380962,2018-11-19 14:12:17.380962
397,1,2,2018,2,19,114,RealStaff,2018-11-19 14:12:17.403368,2018-11-19 14:12:17.403368
398,1,2,2018,2,20,166,RealStaff,2018-11-19 14:12:17.421486,2018-11-19 14:12:17.421486
399,1,2,2018,2,21,118,RealStaff,2018-11-19 14:12:17.455043,2018-11-19 14:12:17.455043
400,1,2,2018,2,22,88,RealStaff,2018-11-19 14:12:17.497778,2018-11-19 14:12:17.497778
401,1,2,2018,2,23,38,RealStaff,2018-11-19 14:12:17.525907,2018-11-19 14:12:17.525907
402,1,2,2018,2,24,170,RealStaff,2018-11-19 14:12:17.579353,2018-11-19 14:12:17.579353
403,1,2,2018,2,25,69,RealStaff,2018-11-19 14:12:17.600459,2018-11-19 14:12:17.600459
404,1,2,2018,2,26,141,RealStaff,2018-11-19 14:12:17.620493,2018-11-19 14:12:17.620493
405,1,2,2018,2,27,171,RealStaff,2018-11-19 14:12:17.664601,2018-11-19 14:12:17.664601
406,1,2,2018,2,28,142,RealStaff,2018-11-19 14:12:17.695663,2018-11-19 14:12:17.695663
407,1,2,2018,3,1,78,RealStaff,2018-11-19 14:12:17.720138,2018-11-19 14:12:17.720138
408,1,2,2018,3,2,109,RealStaff,2018-11-19 14:12:17.735185,2018-11-19 14:12:17.735185
409,1,2,2018,3,3,145,RealStaff,2018-11-19 14:12:17.790698,2018-11-19 14:12:17.790698
410,1,2,2018,3,4,148,RealStaff,2018-11-19 14:12:17.812256,2018-11-19 14:12:17.812256
411,1,2,2018,3,5,145,RealStaff,2018-11-19 14:12:17.847147,2018-11-19 14:12:17.847147
412,1,2,2018,3,6,76,RealStaff,2018-11-19 14:12:17.881634,2018-11-19 14:12:17.881634
413,1,2,2018,3,7,79,RealStaff,2018-11-19 14:12:17.904266,2018-11-19 14:12:17.904266
414,1,2,2018,3,8,113,RealStaff,2018-11-19 14:12:17.920665,2018-11-19 14:12:17.920665
415,1,2,2018,3,9,131,RealStaff,2018-11-19 14:12:17.964008,2018-11-19 14:12:17.964008
416,1,2,2018,3,10,34,RealStaff,2018-11-19 14:12:18.017106,2018-11-19 14:12:18.017106
417,1,2,2018,3,11,117,RealStaff,2018-11-19 14:12:18.052708,2018-11-19 14:12:18.052708
418,1,2,2018,3,12,127,RealStaff,2018-11-19 14:12:18.096425,2018-11-19 14:12:18.096425
419,1,2,2018,3,13,155,RealStaff,2018-11-19 14:12:18.142485,2018-11-19 14:12:18.142485
420,1,2,2018,3,14,128,RealStaff,2018-11-19 14:12:18.181901,2018-11-19 14:12:18.181901
421,1,2,2018,3,15,138,RealStaff,2018-11-19 14:12:18.219428,2018-11-19 14:12:18.219428
422,1,2,2018,3,16,68,RealStaff,2018-11-19 14:12:18.283883,2018-11-19 14:12:18.283883
423,1,2,2018,3,17,154,RealStaff,2018-11-19 14:12:18.30395,2018-11-19 14:12:18.30395
424,1,2,2018,3,18,99,RealStaff,2018-11-19 14:12:18.370593,2018-11-19 14:12:18.370593
425,1,2,2018,3,19,99,RealStaff,2018-11-19 14:12:18.449678,2018-11-19 14:12:18.449678
426,1,2,2018,3,20,157,RealStaff,2018-11-19 14:12:18.485197,2018-11-19 14:12:18.485197
427,1,2,2018,3,21,112,RealStaff,2018-11-19 14:12:18.516811,2018-11-19 14:12:18.516811
428,1,2,2018,3,22,82,RealStaff,2018-11-19 14:12:18.551067,2018-11-19 14:12:18.551067
429,1,2,2018,3,23,32,RealStaff,2018-11-19 14:12:18.588837,2018-11-19 14:12:18.588837
430,1,2,2018,3,24,154,RealStaff,2018-11-19 14:12:18.619516,2018-11-19 14:12:18.619516
431,1,2,2018,3,25,63,RealStaff,2018-11-19 14:12:18.64825,2018-11-19 14:12:18.64825
432,1,2,2018,3,26,127,RealStaff,2018-11-19 14:12:18.685877,2018-11-19 14:12:18.685877
433,1,2,2018,3,27,162,RealStaff,2018-11-19 14:12:18.713982,2018-11-19 14:12:18.713982
434,1,2,2018,3,28,128,RealStaff,2018-11-19 14:12:18.748824,2018-11-19 14:12:18.748824
435,1,2,2018,3,29,78,RealStaff,2018-11-19 14:12:18.796844,2018-11-19 14:12:18.796844
436,1,2,2018,3,30,109,RealStaff,2018-11-19 14:12:18.830678,2018-11-19 14:12:18.830678
437,1,2,2018,3,31,145,RealStaff,2018-11-19 14:12:18.866813,2018-11-19 14:12:18.866813
438,1,2,2018,3,32,148,RealStaff,2018-11-19 14:12:18.89988,2018-11-19 14:12:18.89988
439,1,2,2018,3,33,145,RealStaff,2018-11-19 14:12:18.947903,2018-11-19 14:12:18.947903
440,1,2,2018,3,34,76,RealStaff,2018-11-19 14:12:18.984697,2018-11-19 14:12:18.984697
441,1,2,2018,3,35,79,RealStaff,2018-11-19 14:12:19.015945,2018-11-19 14:12:19.015945
442,1,2,2018,4,1,78,RealStaff,2018-11-19 14:12:19.040239,2018-11-19 14:12:19.040239
443,1,2,2018,4,2,109,RealStaff,2018-11-19 14:12:19.065856,2018-11-19 14:12:19.065856
444,1,2,2018,4,3,145,RealStaff,2018-11-19 14:12:19.093768,2018-11-19 14:12:19.093768
445,1,2,2018,4,4,148,RealStaff,2018-11-19 14:12:19.119456,2018-11-19 14:12:19.119456
446,1,2,2018,4,5,145,RealStaff,2018-11-19 14:12:19.154517,2018-11-19 14:12:19.154517
447,1,2,2018,4,6,76,RealStaff,2018-11-19 14:12:19.19885,2018-11-19 14:12:19.19885
448,1,2,2018,4,7,79,RealStaff,2018-11-19 14:12:19.220737,2018-11-19 14:12:19.220737
449,1,2,2018,4,8,113,RealStaff,2018-11-19 14:12:19.251291,2018-11-19 14:12:19.251291
450,1,2,2018,4,9,131,RealStaff,2018-11-19 14:12:19.285422,2018-11-19 14:12:19.285422
451,1,2,2018,4,10,34,RealStaff,2018-11-19 14:12:19.319435,2018-11-19 14:12:19.319435
452,1,2,2018,4,11,117,RealStaff,2018-11-19 14:12:19.353343,2018-11-19 14:12:19.353343
453,1,2,2018,4,12,127,RealStaff,2018-11-19 14:12:19.386029,2018-11-19 14:12:19.386029
454,1,2,2018,4,13,155,RealStaff,2018-11-19 14:12:19.416472,2018-11-19 14:12:19.416472
455,1,2,2018,4,14,128,RealStaff,2018-11-19 14:12:19.449932,2018-11-19 14:12:19.449932
456,1,2,2018,4,15,138,RealStaff,2018-11-19 14:12:19.489006,2018-11-19 14:12:19.489006
457,1,2,2018,4,16,68,RealStaff,2018-11-19 14:12:19.516407,2018-11-19 14:12:19.516407
458,1,2,2018,4,17,154,RealStaff,2018-11-19 14:12:19.554257,2018-11-19 14:12:19.554257
459,1,2,2018,4,18,99,RealStaff,2018-11-19 14:12:19.602734,2018-11-19 14:12:19.602734
460,1,2,2018,4,19,99,RealStaff,2018-11-19 14:12:19.631415,2018-11-19 14:12:19.631415
461,1,2,2018,4,20,157,RealStaff,2018-11-19 14:12:19.67027,2018-11-19 14:12:19.67027
462,1,2,2018,4,21,112,RealStaff,2018-11-19 14:12:19.701137,2018-11-19 14:12:19.701137
463,1,2,2018,4,22,82,RealStaff,2018-11-19 14:12:19.750194,2018-11-19 14:12:19.750194
464,1,2,2018,4,23,32,RealStaff,2018-11-19 14:12:19.796066,2018-11-19 14:12:19.796066
465,1,2,2018,4,24,154,RealStaff,2018-11-19 14:12:19.83671,2018-11-19 14:12:19.83671
466,1,2,2018,4,25,63,RealStaff,2018-11-19 14:12:19.867037,2018-11-19 14:12:19.867037
467,1,2,2018,4,26,127,RealStaff,2018-11-19 14:12:19.893596,2018-11-19 14:12:19.893596
468,1,2,2018,4,27,162,RealStaff,2018-11-19 14:12:19.91534,2018-11-19 14:12:19.91534
469,1,2,2018,4,28,128,RealStaff,2018-11-19 14:12:19.938642,2018-11-19 14:12:19.938642
470,1,2,2018,5,1,78,RealStaff,2018-11-19 14:12:19.978372,2018-11-19 14:12:19.978372
471,1,2,2018,5,2,109,RealStaff,2018-11-19 14:12:20.003378,2018-11-19 14:12:20.003378
472,1,2,2018,5,3,145,RealStaff,2018-11-19 14:12:20.039422,2018-11-19 14:12:20.039422
473,1,2,2018,5,4,148,RealStaff,2018-11-19 14:12:20.082687,2018-11-19 14:12:20.082687
474,1,2,2018,5,5,145,RealStaff,2018-11-19 14:12:20.102331,2018-11-19 14:12:20.102331
475,1,2,2018,5,6,76,RealStaff,2018-11-19 14:12:20.118752,2018-11-19 14:12:20.118752
476,1,2,2018,5,7,79,RealStaff,2018-11-19 14:12:20.163244,2018-11-19 14:12:20.163244
477,1,2,2018,5,8,113,RealStaff,2018-11-19 14:12:20.205452,2018-11-19 14:12:20.205452
478,1,2,2018,5,9,131,RealStaff,2018-11-19 14:12:20.233029,2018-11-19 14:12:20.233029
479,1,2,2018,5,10,34,RealStaff,2018-11-19 14:12:20.267292,2018-11-19 14:12:20.267292
480,1,2,2018,5,11,117,RealStaff,2018-11-19 14:12:20.306707,2018-11-19 14:12:20.306707
481,1,2,2018,5,12,127,RealStaff,2018-11-19 14:12:20.345188,2018-11-19 14:12:20.345188
482,1,2,2018,5,13,155,RealStaff,2018-11-19 14:12:20.38208,2018-11-19 14:12:20.38208
483,1,2,2018,5,14,128,RealStaff,2018-11-19 14:12:20.427068,2018-11-19 14:12:20.427068
484,1,2,2018,5,15,138,RealStaff,2018-11-19 14:12:20.469027,2018-11-19 14:12:20.469027
485,1,2,2018,5,16,68,RealStaff,2018-11-19 14:12:20.501571,2018-11-19 14:12:20.501571
486,1,2,2018,5,17,154,RealStaff,2018-11-19 14:12:20.530162,2018-11-19 14:12:20.530162
487,1,2,2018,5,18,99,RealStaff,2018-11-19 14:12:20.564296,2018-11-19 14:12:20.564296
488,1,2,2018,5,19,99,RealStaff,2018-11-19 14:12:20.595573,2018-11-19 14:12:20.595573
489,1,2,2018,5,20,157,RealStaff,2018-11-19 14:12:20.637753,2018-11-19 14:12:20.637753
490,1,2,2018,5,21,112,RealStaff,2018-11-19 14:12:20.663993,2018-11-19 14:12:20.663993
491,1,2,2018,5,22,82,RealStaff,2018-11-19 14:12:20.681879,2018-11-19 14:12:20.681879
492,1,2,2018,5,23,32,RealStaff,2018-11-19 14:12:20.705415,2018-11-19 14:12:20.705415
493,1,2,2018,5,24,154,RealStaff,2018-11-19 14:12:20.73685,2018-11-19 14:12:20.73685
494,1,2,2018,5,25,63,RealStaff,2018-11-19 14:12:20.770332,2018-11-19 14:12:20.770332
495,1,2,2018,5,26,127,RealStaff,2018-11-19 14:12:20.8173,2018-11-19 14:12:20.8173
496,1,2,2018,5,27,162,RealStaff,2018-11-19 14:12:20.843731,2018-11-19 14:12:20.843731
497,1,2,2018,5,28,128,RealStaff,2018-11-19 14:12:20.891438,2018-11-19 14:12:20.891438
498,1,2,2018,6,1,34,RealStaff,2018-11-19 14:12:20.92019,2018-11-19 14:12:20.92019
499,1,2,2018,6,2,41,RealStaff,2018-11-19 14:12:20.953442,2018-11-19 14:12:20.953442
500,1,2,2018,6,3,62,RealStaff,2018-11-19 14:12:21.008153,2018-11-19 14:12:21.008153
501,1,2,2018,6,4,62,RealStaff,2018-11-19 14:12:21.052919,2018-11-19 14:12:21.052919
502,1,2,2018,6,5,62,RealStaff,2018-11-19 14:12:21.078003,2018-11-19 14:12:21.078003
503,1,2,2018,6,6,77,RealStaff,2018-11-19 14:12:21.120621,2018-11-19 14:12:21.120621
504,1,2,2018,6,7,55,RealStaff,2018-11-19 14:12:21.169407,2018-11-19 14:12:21.169407
505,1,2,2018,6,8,48,RealStaff,2018-11-19 14:12:21.198516,2018-11-19 14:12:21.198516
506,1,2,2018,6,9,62,RealStaff,2018-11-19 14:12:21.220506,2018-11-19 14:12:21.220506
507,1,2,2018,6,10,18,RealStaff,2018-11-19 14:12:21.297223,2018-11-19 14:12:21.297223
508,1,2,2018,6,11,63,RealStaff,2018-11-19 14:12:21.31474,2018-11-19 14:12:21.31474
509,1,2,2018,6,12,62,RealStaff,2018-11-19 14:12:21.337667,2018-11-19 14:12:21.337667
510,1,2,2018,6,13,89,RealStaff,2018-11-19 14:12:21.366718,2018-11-19 14:12:21.366718
511,1,2,2018,6,14,40,RealStaff,2018-11-19 14:12:21.410686,2018-11-19 14:12:21.410686
512,1,2,2018,6,15,57,RealStaff,2018-11-19 14:12:21.447326,2018-11-19 14:12:21.447326
513,1,2,2018,6,16,54,RealStaff,2018-11-19 14:12:21.486547,2018-11-19 14:12:21.486547
514,1,2,2018,6,17,65,RealStaff,2018-11-19 14:12:21.537563,2018-11-19 14:12:21.537563
515,1,2,2018,6,18,33,RealStaff,2018-11-19 14:12:21.583821,2018-11-19 14:12:21.583821
516,1,2,2018,6,19,29,RealStaff,2018-11-19 14:12:21.604277,2018-11-19 14:12:21.604277
517,1,2,2018,6,20,83,RealStaff,2018-11-19 14:12:21.63388,2018-11-19 14:12:21.63388
518,1,2,2018,6,21,68,RealStaff,2018-11-19 14:12:21.668825,2018-11-19 14:12:21.668825
519,1,2,2018,6,22,53,RealStaff,2018-11-19 14:12:21.699166,2018-11-19 14:12:21.699166
520,1,2,2018,6,23,25,RealStaff,2018-11-19 14:12:21.726914,2018-11-19 14:12:21.726914
521,1,2,2018,6,24,58,RealStaff,2018-11-19 14:12:21.74726,2018-11-19 14:12:21.74726
522,1,2,2018,6,25,53,RealStaff,2018-11-19 14:12:21.791244,2018-11-19 14:12:21.791244
523,1,2,2018,6,26,61,RealStaff,2018-11-19 14:12:21.830648,2018-11-19 14:12:21.830648
524,1,2,2018,6,27,89,RealStaff,2018-11-19 14:12:21.863062,2018-11-19 14:12:21.863062
525,1,2,2018,6,28,40,RealStaff,2018-11-19 14:12:21.904448,2018-11-19 14:12:21.904448
526,1,1,2018,7,1,34,PlanStaff,2018-11-19 14:12:21.965982,2018-11-19 14:12:21.965982
527,1,1,2018,7,2,41,PlanStaff,2018-11-19 14:12:21.984973,2018-11-19 14:12:21.984973
528,1,1,2018,7,3,62,PlanStaff,2018-11-19 14:12:22.02855,2018-11-19 14:12:22.02855
529,1,1,2018,7,4,62,PlanStaff,2018-11-19 14:12:22.062111,2018-11-19 14:12:22.062111
530,1,1,2018,7,5,62,PlanStaff,2018-11-19 14:12:22.101343,2018-11-19 14:12:22.101343
531,1,1,2018,7,6,77,PlanStaff,2018-11-19 14:12:22.14303,2018-11-19 14:12:22.14303
532,1,1,2018,7,7,55,PlanStaff,2018-11-19 14:12:22.181764,2018-11-19 14:12:22.181764
533,1,1,2018,7,8,48,PlanStaff,2018-11-19 14:12:22.228711,2018-11-19 14:12:22.228711
534,1,1,2018,7,9,62,PlanStaff,2018-11-19 14:12:22.299894,2018-11-19 14:12:22.299894
535,1,1,2018,7,10,18,PlanStaff,2018-11-19 14:12:22.317764,2018-11-19 14:12:22.317764
536,1,1,2018,7,11,63,PlanStaff,2018-11-19 14:12:22.346643,2018-11-19 14:12:22.346643
537,1,1,2018,7,12,62,PlanStaff,2018-11-19 14:12:22.39362,2018-11-19 14:12:22.39362
538,1,1,2018,7,13,89,PlanStaff,2018-11-19 14:12:22.432974,2018-11-19 14:12:22.432974
539,1,1,2018,7,14,40,PlanStaff,2018-11-19 14:12:22.453615,2018-11-19 14:12:22.453615
540,1,1,2018,7,15,57,PlanStaff,2018-11-19 14:12:22.508259,2018-11-19 14:12:22.508259
541,1,1,2018,7,16,54,PlanStaff,2018-11-19 14:12:22.546591,2018-11-19 14:12:22.546591
542,1,1,2018,7,17,65,PlanStaff,2018-11-19 14:12:22.577618,2018-11-19 14:12:22.577618
543,1,1,2018,7,18,33,PlanStaff,2018-11-19 14:12:22.601614,2018-11-19 14:12:22.601614
544,1,1,2018,7,19,29,PlanStaff,2018-11-19 14:12:22.6288,2018-11-19 14:12:22.6288
545,1,1,2018,7,20,83,PlanStaff,2018-11-19 14:12:22.666303,2018-11-19 14:12:22.666303
546,1,1,2018,7,21,68,PlanStaff,2018-11-19 14:12:22.697393,2018-11-19 14:12:22.697393
547,1,1,2018,7,22,53,PlanStaff,2018-11-19 14:12:22.740722,2018-11-19 14:12:22.740722
548,1,1,2018,7,23,25,PlanStaff,2018-11-19 14:12:22.811209,2018-11-19 14:12:22.811209
549,1,1,2018,7,24,58,PlanStaff,2018-11-19 14:12:22.865052,2018-11-19 14:12:22.865052
550,1,1,2018,7,25,53,PlanStaff,2018-11-19 14:12:22.900041,2018-11-19 14:12:22.900041
551,1,1,2018,7,26,61,PlanStaff,2018-11-19 14:12:22.9175,2018-11-19 14:12:22.9175
552,1,1,2018,7,27,89,PlanStaff,2018-11-19 14:12:22.950023,2018-11-19 14:12:22.950023
553,1,1,2018,7,28,40,PlanStaff,2018-11-19 14:12:22.980695,2018-11-19 14:12:22.980695
554,1,1,2018,7,29,53,PlanStaff,2018-11-19 14:12:23.020552,2018-11-19 14:12:23.020552
555,1,1,2018,7,30,25,PlanStaff,2018-11-19 14:12:23.044139,2018-11-19 14:12:23.044139
556,1,1,2018,7,31,58,PlanStaff,2018-11-19 14:12:23.08483,2018-11-19 14:12:23.08483
557,1,1,2018,7,32,53,PlanStaff,2018-11-19 14:12:23.120016,2018-11-19 14:12:23.120016
558,1,1,2018,7,33,61,PlanStaff,2018-11-19 14:12:23.152352,2018-11-19 14:12:23.152352
559,1,1,2018,7,34,89,PlanStaff,2018-11-19 14:12:23.170869,2018-11-19 14:12:23.170869
560,1,1,2018,7,35,40,PlanStaff,2018-11-19 14:12:23.195596,2018-11-19 14:12:23.195596
